Keyword,US Volume,KD,CPC $,Competition,Intent,Trend,Source,Seed Cluster,Last Updated,Page Candidate,Notes
coinbase,823000,100,7.5,LOW,navigational,Falling,related,passive income crypto,2026-09-15 16:36:20 +00:00,Yes,Expansion data: validate relevance before publishing.
compound interest calculator,823000,64,1.82,LOW,informational,Stable,related,crypto staking platforms,2026-09-14 15:51:28 +00:00,Yes,Expansion data: validate relevance before publishing.
loan calculator,673000,54,2.8,LOW,informational,Stable,related,crypto yield calculator,2026-09-13 17:51:48 +00:00,Yes,Expansion data: validate relevance before publishing.
investment calculator,450000,48,2.21,LOW,informational,Stable,related,investment recovery calculator,2026-09-12 14:20:54 +00:00,Yes,Expansion data: validate relevance before publishing.
calculator investment,450000,48,2.21,LOW,informational,Stable,related,investment recovery calculator,2026-09-14 11:40:47 +00:00,Yes,Expansion data: validate relevance before publishing.
compound interest formula,60500,36,2.47,LOW,informational,Falling,related,investment recovery calculator,2026-09-16 12:27:13 +00:00,Yes,Expansion data: validate relevance before publishing.
apy calculator,40500,17,4.88,LOW,informational,Stable,related,crypto yield calculator,2026-09-12 02:04:46 +00:00,Yes,Expansion data: validate relevance before publishing.
interest rate calculator,33100,38,3.71,LOW,informational,Falling,related,crypto yield calculator,2026-09-12 09:29:03 +00:00,Yes,Expansion data: validate relevance before publishing.
interest rates today: 30-year fixed,33100,54,6.14,MEDIUM,transactional,Falling,related,crypto yield calculator,2026-09-16 06:06:43 +00:00,Yes,Expansion data: validate relevance before publishing.
compound calculator,33100,57,1.81,LOW,informational,Stable,related,crypto yield calculator,2026-09-15 22:42:57 +00:00,Yes,Expansion data: validate relevance before publishing.
apr calculator,27100,28,5.27,LOW,informational,Stable,related,crypto yield calculator,2026-09-14 01:45:19 +00:00,Yes,Expansion data: validate relevance before publishing.
coinbase wallet,22200,62,9.7,LOW,transactional,Falling,related,passive income crypto,2026-09-12 15:01:32 +00:00,Yes,Expansion data: validate relevance before publishing.
simple interest calculator,22200,20,4.44,LOW,informational,Stable,related,investment recovery calculator,2026-09-14 02:28:49 +00:00,Yes,Expansion data: validate relevance before publishing.
ai trader,18100,33,10.22,MEDIUM,commercial,Falling,related,AI trading platforms,2026-09-12 08:05:49 +00:00,Yes,Expansion data: validate relevance before publishing.
return on investment calculator,18100,58,2.73,LOW,informational,Falling,related,investment recovery calculator,2026-09-15 05:06:44 +00:00,Yes,Expansion data: validate relevance before publishing.
roi calculator,18100,32,2.73,LOW,informational,Falling,related,investment recovery calculator,2026-09-13 19:13:27 +00:00,Yes,Expansion data: validate relevance before publishing.
daily compound interest calculator,14800,29,4.64,LOW,informational,Falling,related,investment recovery calculator,2026-09-14 06:27:10 +00:00,Yes,Expansion data: validate relevance before publishing.
continuous compound interest formula,14800,11,4.15,LOW,informational,Falling,related,crypto yield calculator,2026-09-12 15:03:11 +00:00,Yes,Expansion data: validate relevance before publishing.
compound daily interest calculator,14800,27,4.64,LOW,informational,Falling,,,2026-09-13 05:36:52 +00:00,Yes,
investment return formula,12100,34,3.37,LOW,informational,Falling,related,investment recovery calculator,2026-09-14 22:45:59 +00:00,Yes,Expansion data: validate relevance before publishing.
crypto calculator,12100,42,4.22,LOW,informational,Falling,related,crypto yield calculator,2026-09-14 09:58:23 +00:00,Yes,Expansion data: validate relevance before publishing.
daily interest rate mortgage,12100,95,6.86,LOW,informational,Stable,related,crypto yield calculator,2026-09-17 21:10:48 +00:00,Yes,Expansion data: validate relevance before publishing.
exodus wallet,9900,37,11.47,LOW,transactional,Falling,related,crypto staking platforms,2026-09-12 14:18:36 +00:00,Yes,Expansion data: validate relevance before publishing.
investment return calculator,9900,47,2.06,LOW,informational,Stable,related,investment recovery calculator,2026-09-14 22:11:16 +00:00,Yes,Expansion data: validate relevance before publishing.
retirement withdrawal calculator,9900,17,2.05,LOW,informational,Rising,related,investment recovery calculator,2026-09-13 21:55:47 +00:00,Yes,Expansion data: validate relevance before publishing.
meses,9900,0,0.17,LOW,informational,Stable,,,2026-09-12 03:34:39 +00:00,Yes,
coinbase app,6600,64,10.48,LOW,transactional,Stable,related,passive income crypto,2026-09-15 18:53:21 +00:00,Yes,Expansion data: validate relevance before publishing.
stock average calculator,6600,18,5.4,LOW,informational,Stable,related,investment recovery calculator,2026-09-13 00:41:19 +00:00,Yes,Expansion data: validate relevance before publishing.
rate of return calculator,6600,48,2.42,LOW,informational,Stable,related,investment recovery calculator,2026-09-13 04:40:04 +00:00,Yes,Expansion data: validate relevance before publishing.
blockfi,5400,35,2.29,LOW,commercial,Stable,related,passive income crypto,2026-09-13 22:09:27 +00:00,Yes,Expansion data: validate relevance before publishing.
coinbase com login,5400,59,5.51,LOW,navigational,Stable,related,passive income crypto,2026-09-17 04:46:32 +00:00,Yes,Expansion data: validate relevance before publishing.
coinbase pro,5400,59,7.21,LOW,commercial,Falling,related,passive income crypto,2026-09-12 15:14:22 +00:00,Yes,Expansion data: validate relevance before publishing.
ai trading bot,5400,24,9.21,MEDIUM,commercial,Falling,related,AI trading platforms,2026-09-14 12:18:09 +00:00,Yes,Expansion data: validate relevance before publishing.
crypto profit calculator,5400,7,8.95,LOW,informational,Falling,related,crypto yield calculator,2026-09-12 20:36:03 +00:00,Yes,Expansion data: validate relevance before publishing.
how to calculate interest rate per month,5400,38,5.62,LOW,informational,Stable,related,crypto yield calculator,2026-09-16 07:01:27 +00:00,Yes,Expansion data: validate relevance before publishing.
how does cryptocurrency work,4400,69,1.49,LOW,informational,Stable,related,passive income crypto,2026-09-15 17:52:25 +00:00,Yes,Expansion data: validate relevance before publishing.
ai trading app,4400,32,11.53,HIGH,commercial,Falling,related,AI trading platforms,2026-09-12 10:35:52 +00:00,Yes,Expansion data: validate relevance before publishing.
compound interest calculator moneychimp,4400,22,2.75,LOW,informational,Stable,related,investment recovery calculator,2026-09-14 15:21:20 +00:00,Yes,Expansion data: validate relevance before publishing.
monthly interest calculator,4400,14,5.63,LOW,informational,Stable,related,investment recovery calculator,2026-09-12 15:26:10 +00:00,Yes,Expansion data: validate relevance before publishing.
savings withdrawal calculator,4400,12,3.4,LOW,informational,Stable,related,investment recovery calculator,2026-09-12 03:37:39 +00:00,Yes,Expansion data: validate relevance before publishing.
coinbase price,3600,65,7.96,LOW,informational,Falling,related,passive income crypto,2026-09-13 06:41:41 +00:00,Yes,Expansion data: validate relevance before publishing.
lido advisors,3600,12,1.19,LOW,navigational,Stable,related,crypto staking platforms,2026-09-13 00:42:56 +00:00,Yes,Expansion data: validate relevance before publishing.
investment calculator with withdrawals,3600,17,3.94,LOW,informational,Stable,related,investment recovery calculator,2026-09-13 07:52:52 +00:00,Yes,Expansion data: validate relevance before publishing.
monthly compound interest calculator,3600,47,2.19,LOW,informational,Falling,related,investment recovery calculator,2026-09-14 07:43:03 +00:00,Yes,Expansion data: validate relevance before publishing.
simple retirement calculator,3600,48,2.93,MEDIUM,informational,Stable,related,investment recovery calculator,2026-09-13 11:50:22 +00:00,Yes,Expansion data: validate relevance before publishing.
credit card apr calculator,3600,40,5.19,LOW,informational,Stable,related,crypto yield calculator,2026-09-16 20:38:38 +00:00,Yes,Expansion data: validate relevance before publishing.
interest rates today loan,3600,69,5.52,MEDIUM,informational,Falling,related,crypto yield calculator,2026-09-16 16:49:39 +00:00,Yes,Expansion data: validate relevance before publishing.
simple interest calculator loan,3600,25,4.93,LOW,informational,Stable,related,crypto yield calculator,2026-09-13 09:44:51 +00:00,Yes,Expansion data: validate relevance before publishing.
hedger,3600,2,0.65,HIGH,informational,Rising,,,2026-09-16 08:22:26 +00:00,Yes,
best ai investing app,2900,31,6.9,HIGH,commercial,Stable,related,AI trading platforms,2026-09-12 03:52:09 +00:00,Yes,Expansion data: validate relevance before publishing.
investment calculator s&p 500,2900,43,2.93,LOW,informational,Rising,related,investment recovery calculator,2026-09-14 02:20:26 +00:00,Yes,Expansion data: validate relevance before publishing.
realistic retirement calculator,2900,48,2.83,MEDIUM,informational,Stable,related,investment recovery calculator,2026-09-15 03:02:46 +00:00,Yes,Expansion data: validate relevance before publishing.
monthly compound interest formula,2900,57,4,LOW,transactional,Falling,related,investment recovery calculator,2026-09-12 10:11:58 +00:00,Yes,Expansion data: validate relevance before publishing.
best ai trading app,2400,9,17.4,HIGH,commercial,Falling,related,AI trading platforms,2026-09-12 06:05:07 +00:00,Yes,Expansion data: validate relevance before publishing.
stock investment calculator,2400,58,2.88,LOW,informational,Stable,related,investment recovery calculator,2026-09-16 16:28:09 +00:00,Yes,Expansion data: validate relevance before publishing.
yearly compound interest calculator,2400,57,1.57,LOW,informational,Stable,related,investment recovery calculator,2026-09-12 17:50:55 +00:00,Yes,Expansion data: validate relevance before publishing.
investment calculator stock,2400,58,2.88,LOW,informational,Stable,related,investment recovery calculator,2026-09-13 03:39:54 +00:00,Yes,Expansion data: validate relevance before publishing.
rate of return formula,2400,11,6.18,LOW,informational,Falling,related,investment recovery calculator,2026-09-13 12:44:09 +00:00,Yes,Expansion data: validate relevance before publishing.
rate of return calculator stock,2400,58,2.49,LOW,informational,Stable,related,investment recovery calculator,2026-09-13 23:08:40 +00:00,Yes,Expansion data: validate relevance before publishing.
passive income streams,1900,43,2.14,MEDIUM,informational,Stable,related,passive income crypto,2026-09-12 08:41:37 +00:00,Yes,Expansion data: validate relevance before publishing.
ai trading platforms,1900,39,15.68,MEDIUM,commercial,Falling,related,AI trading platforms,2026-09-13 11:39:31 +00:00,Yes,Expansion data: validate relevance before publishing.
cryptohopper,1900,27,11.32,LOW,informational,Falling,related,AI trading platforms,2026-09-14 16:26:32 +00:00,Yes,Expansion data: validate relevance before publishing.
compound interest calculator with withdrawals,1900,26,3.31,LOW,informational,Stable,related,investment recovery calculator,2026-09-12 05:26:50 +00:00,Yes,Expansion data: validate relevance before publishing.
best retirement withdrawal calculator,1900,35,3.09,MEDIUM,informational,Stable,related,investment recovery calculator,2026-09-13 12:04:00 +00:00,Yes,Expansion data: validate relevance before publishing.
how to make money with crypto,1600,47,8.27,MEDIUM,informational,Stable,related,passive income crypto,2026-09-17 16:47:39 +00:00,Yes,Expansion data: validate relevance before publishing.
stockhero,1600,0,12.28,LOW,navigational,Falling,related,AI trading platforms,2026-09-12 05:22:53 +00:00,Yes,Expansion data: validate relevance before publishing.
moneychimp calculator,1600,24,3.24,LOW,informational,Stable,related,investment recovery calculator,2026-09-14 06:15:59 +00:00,Yes,Expansion data: validate relevance before publishing.
compound interest formula calculator,1600,57,1.93,LOW,informational,Falling,related,crypto yield calculator,2026-09-17 13:13:33 +00:00,Yes,Expansion data: validate relevance before publishing.
passive income ideas 2026,1300,37,1.86,MEDIUM,informational,Rising,related,passive income crypto,2026-09-16 04:29:06 +00:00,Yes,Expansion data: validate relevance before publishing.
coinbase app download,1300,65,7.63,LOW,navigational,Stable,related,passive income crypto,2026-09-13 06:09:25 +00:00,Yes,Expansion data: validate relevance before publishing.
best ai trading app for beginners,1300,4,13.4,HIGH,commercial,Falling,related,AI trading platforms,2026-09-13 04:36:28 +00:00,Yes,Expansion data: validate relevance before publishing.
daily compound interest formula,1300,64,4.49,LOW,informational,Falling,related,crypto yield calculator,2026-09-13 15:30:42 +00:00,Yes,Expansion data: validate relevance before publishing.
compound interest formula simple,1300,37,1.33,LOW,informational,Falling,related,crypto yield calculator,2026-09-14 07:33:37 +00:00,Yes,Expansion data: validate relevance before publishing.
best passive income investments,1300,28,5.01,MEDIUM,commercial,Stable,,,2026-09-16 07:09:35 +00:00,Yes,
what is cryptocurrency and how it works,1000,70,0.66,LOW,informational,Falling,related,passive income crypto,2026-09-12 08:24:29 +00:00,Yes,Expansion data: validate relevance before publishing.
copy trading platforms,1000,51,13.08,MEDIUM,commercial,Stable,related,copy trading platforms,2026-09-14 20:08:05 +00:00,Yes,Expansion data: validate relevance before publishing.
best ai trading bot,1000,30,8.05,MEDIUM,commercial,Falling,related,AI trading platforms,2026-09-13 02:54:43 +00:00,Yes,Expansion data: validate relevance before publishing.
ai stock trading app,1000,35,16.15,HIGH,commercial,Stable,related,AI trading platforms,2026-09-12 23:19:30 +00:00,Yes,Expansion data: validate relevance before publishing.
monthly investment calculator,1000,48,1.87,MEDIUM,informational,Stable,related,investment recovery calculator,2026-09-16 13:50:41 +00:00,Yes,Expansion data: validate relevance before publishing.
monthly retirement income calculator,1000,29,3.47,MEDIUM,informational,Stable,related,investment recovery calculator,2026-09-12 17:47:12 +00:00,Yes,Expansion data: validate relevance before publishing.
compound interest loan calculator,1000,45,3.38,LOW,informational,Stable,related,investment recovery calculator,2026-09-12 23:45:03 +00:00,Yes,Expansion data: validate relevance before publishing.
celsius crypto,880,29,10.77,LOW,informational,Stable,related,passive income crypto,2026-09-13 18:53:36 +00:00,Yes,Expansion data: validate relevance before publishing.
is cryptocurrency safe,880,51,1.65,LOW,informational,Stable,related,passive income crypto,2026-09-13 20:43:58 +00:00,Yes,Expansion data: validate relevance before publishing.
vanguard s&p 500 calculator,880,10,4.25,LOW,informational,Stable,related,investment recovery calculator,2026-09-13 03:43:50 +00:00,Yes,Expansion data: validate relevance before publishing.
loss percentage calculator,880,13,,LOW,informational,Stable,related,investment recovery calculator,2026-09-16 17:07:03 +00:00,Yes,Expansion data: validate relevance before publishing.
if i invest $200 a month for 20 years calculator,880,58,3.86,LOW,informational,Rising,related,investment recovery calculator,2026-09-14 03:13:45 +00:00,Yes,Expansion data: validate relevance before publishing.
compound interest table,880,7,1.15,LOW,informational,Falling,related,investment recovery calculator,2026-09-12 14:47:43 +00:00,Yes,Expansion data: validate relevance before publishing.
daily interest rate,880,88,5.75,LOW,informational,Stable,related,crypto yield calculator,2026-09-13 21:37:39 +00:00,Yes,Expansion data: validate relevance before publishing.
how to calculate apr per month,880,38,7.81,LOW,informational,Stable,related,crypto yield calculator,2026-09-12 07:37:55 +00:00,Yes,Expansion data: validate relevance before publishing.
copyx,880,0,,LOW,informational,Stable,,,2026-09-17 15:57:27 +00:00,Yes,
etoro copy trading,720,3,11.6,LOW,commercial,Rising,related,copy trading platforms,2026-09-17 07:39:26 +00:00,Yes,Expansion data: validate relevance before publishing.
best ai trading platforms,720,27,12.48,MEDIUM,commercial,Stable,related,AI trading platforms,2026-09-16 23:39:35 +00:00,Yes,Expansion data: validate relevance before publishing.
best ai trading platform,720,27,12.48,MEDIUM,commercial,Stable,related,AI trading platforms,2026-09-16 01:39:51 +00:00,Yes,Expansion data: validate relevance before publishing.
rate of return calculator investment,720,48,2.54,LOW,informational,Stable,related,investment recovery calculator,2026-09-13 15:10:35 +00:00,Yes,Expansion data: validate relevance before publishing.
compound interest rate,720,46,2.24,LOW,informational,Falling,related,investment recovery calculator,2026-09-13 19:36:02 +00:00,Yes,Expansion data: validate relevance before publishing.
winvest,720,19,5.78,LOW,navigational,Rising,,,2026-09-15 14:15:17 +00:00,Yes,
crypto miner app,590,67,7.04,MEDIUM,transactional,Falling,related,passive income crypto,2026-09-17 07:43:59 +00:00,Yes,Expansion data: validate relevance before publishing.
why cryptocurrency is bad,590,39,1.11,LOW,informational,Falling,related,passive income crypto,2026-09-12 23:01:59 +00:00,Yes,Expansion data: validate relevance before publishing.
is exodus wallet safe,590,14,3.01,LOW,informational,Stable,related,crypto staking platforms,2026-09-15 08:41:15 +00:00,Yes,Expansion data: validate relevance before publishing.
ai trading tool,590,32,10.42,MEDIUM,commercial,Stable,related,AI trading platforms,2026-09-13 10:00:48 +00:00,Yes,Expansion data: validate relevance before publishing.
compound interest calculator sbi,590,36,1.53,LOW,navigational,Stable,related,investment recovery calculator,2026-09-13 13:34:33 +00:00,Yes,Expansion data: validate relevance before publishing.
simple daily interest calculator,590,29,1.06,LOW,informational,Stable,related,crypto yield calculator,2026-09-14 01:23:48 +00:00,Yes,Expansion data: validate relevance before publishing.
crypto calculator mining,590,61,2.6,LOW,informational,Falling,related,crypto yield calculator,2026-09-14 22:59:31 +00:00,Yes,Expansion data: validate relevance before publishing.
daily interest rate calculator,590,29,18.25,LOW,informational,Falling,related,crypto yield calculator,2026-09-13 04:16:30 +00:00,Yes,Expansion data: validate relevance before publishing.
daily loan interest calculator,590,14,14.76,LOW,informational,Stable,related,crypto yield calculator,2026-09-12 05:13:57 +00:00,Yes,Expansion data: validate relevance before publishing.
atlas system,590,39,21.53,LOW,navigational,Stable,,,2026-09-12 02:09:09 +00:00,Yes,
mooner,590,9,,LOW,informational,Stable,,,2026-09-12 08:39:14 +00:00,Yes,
is staking crypto worth it,480,13,11.49,LOW,informational,Falling,related,passive income crypto,2026-09-13 17:21:57 +00:00,Yes,Expansion data: validate relevance before publishing.
coinbase learn and earn,480,29,6.32,LOW,navigational,Stable,related,passive income crypto,2026-09-12 00:26:08 +00:00,Yes,Expansion data: validate relevance before publishing.
is crypto real money,480,93,38.38,LOW,informational,Stable,related,passive income crypto,2026-09-13 00:18:25 +00:00,Yes,Expansion data: validate relevance before publishing.
free crypto instantly,480,46,7.68,MEDIUM,commercial,Stable,related,passive income crypto,2026-09-16 17:12:30 +00:00,Yes,Expansion data: validate relevance before publishing.
best copy trading platforms,480,39,15.56,MEDIUM,commercial,Stable,related,copy trading platforms,2026-09-12 10:58:14 +00:00,Yes,Expansion data: validate relevance before publishing.
best copy trading platform,480,57,15.56,MEDIUM,commercial,Stable,related,copy trading platforms,2026-09-13 20:28:55 +00:00,Yes,Expansion data: validate relevance before publishing.
best ai trading app free,480,11,18.87,HIGH,commercial,Falling,related,AI trading platforms,2026-09-13 14:20:30 +00:00,Yes,Expansion data: validate relevance before publishing.
ai day trading bot,480,36,8.46,MEDIUM,commercial,Stable,related,AI trading platforms,2026-09-15 21:34:56 +00:00,Yes,Expansion data: validate relevance before publishing.
pionex trading bot,480,28,1.77,LOW,commercial,Falling,related,AI trading platforms,2026-09-15 22:31:35 +00:00,Yes,Expansion data: validate relevance before publishing.
simple stock calculator,480,19,4.35,LOW,informational,Stable,related,investment recovery calculator,2026-09-13 15:58:42 +00:00,Yes,Expansion data: validate relevance before publishing.
moneychimp mortgage calculator,480,22,5.49,LOW,informational,Stable,related,investment recovery calculator,2026-09-13 03:01:46 +00:00,Yes,Expansion data: validate relevance before publishing.
simple interest calculator payment,480,22,4.35,LOW,informational,Falling,related,crypto yield calculator,2026-09-13 20:19:13 +00:00,Yes,Expansion data: validate relevance before publishing.
per annum interest calculator,480,32,2.92,LOW,informational,Falling,related,crypto yield calculator,2026-09-16 00:40:06 +00:00,Yes,Expansion data: validate relevance before publishing.
cloud mining platforms,480,40,5.77,LOW,commercial,Stable,,,2026-09-12 00:43:53 +00:00,Yes,
tag markets,480,15,4.43,LOW,commercial,Rising,,,2026-09-13 10:51:42 +00:00,Yes,
stake calculator,390,0,,LOW,informational,Stable,related,passive income crypto,2026-09-12 13:51:53 +00:00,Yes,Expansion data: validate relevance before publishing.
crypto trading for beginners,390,30,12.62,MEDIUM,commercial,Stable,related,passive income crypto,2026-09-14 02:19:35 +00:00,Yes,Expansion data: validate relevance before publishing.
lido finance,390,62,2.11,LOW,navigational,Falling,related,crypto staking platforms,2026-09-12 09:08:33 +00:00,Yes,Expansion data: validate relevance before publishing.
ai stock trading bot free,390,23,7.7,MEDIUM,commercial,Falling,related,AI trading platforms,2026-09-13 08:52:08 +00:00,Yes,Expansion data: validate relevance before publishing.
free ai trading app,390,32,19.04,HIGH,commercial,Falling,related,AI trading platforms,2026-09-12 10:39:53 +00:00,Yes,Expansion data: validate relevance before publishing.
fully automated ai trading app,390,26,17.74,HIGH,transactional,Rising,related,AI trading platforms,2026-09-12 05:48:50 +00:00,Yes,Expansion data: validate relevance before publishing.
ai stock trading for beginners,390,9,8.99,HIGH,commercial,Falling,related,AI trading platforms,2026-09-12 08:51:54 +00:00,Yes,Expansion data: validate relevance before publishing.
ai powered trading platforms,390,27,11.96,LOW,commercial,Falling,suggestion,AI trading platforms,2026-09-14 09:01:14 +00:00,Yes,Expansion data: validate relevance before publishing.
best online investment platforms,390,21,11.78,HIGH,commercial,Falling,,,2026-09-16 04:03:41 +00:00,Yes,
best crypto staking platforms,320,15,4.33,LOW,commercial,Falling,related,passive income crypto,2026-09-13 03:53:07 +00:00,Yes,Expansion data: validate relevance before publishing.
coinbase usa,320,100,2.83,LOW,navigational,Falling,related,passive income crypto,2026-09-13 10:20:39 +00:00,Yes,Expansion data: validate relevance before publishing.
coinbase login chrome,320,39,8.13,LOW,navigational,Rising,related,passive income crypto,2026-09-16 18:07:35 +00:00,Yes,Expansion data: validate relevance before publishing.
exodus wallet review,320,15,,LOW,commercial,Falling,related,crypto staking platforms,2026-09-14 00:07:51 +00:00,Yes,Expansion data: validate relevance before publishing.
exodus wallet download,320,52,7.7,LOW,transactional,Stable,related,crypto staking platforms,2026-09-13 00:12:15 +00:00,Yes,Expansion data: validate relevance before publishing.
crypto lending platforms,320,35,21.32,LOW,commercial,Falling,related,crypto lending platforms,2026-09-12 14:43:35 +00:00,Yes,Expansion data: validate relevance before publishing.
lending platforms crypto,320,35,21.32,LOW,commercial,Falling,suggestion,crypto lending platforms,2026-09-16 05:15:34 +00:00,Yes,Expansion data: validate relevance before publishing.
ai trading for beginners,320,4,9.22,HIGH,commercial,Falling,related,AI trading platforms,2026-09-13 12:35:03 +00:00,Yes,Expansion data: validate relevance before publishing.
ai trading bot free,320,0,10.38,HIGH,commercial,Stable,related,AI trading platforms,2026-09-13 19:25:42 +00:00,Yes,Expansion data: validate relevance before publishing.
free ai trading bot,320,8,8.78,HIGH,commercial,Falling,related,AI trading platforms,2026-09-16 18:36:09 +00:00,Yes,Expansion data: validate relevance before publishing.
ai stock trading platforms,320,35,10.99,HIGH,commercial,Falling,suggestion,AI trading platforms,2026-09-12 01:26:18 +00:00,Yes,Expansion data: validate relevance before publishing.
investment calculator formula,320,45,2.41,LOW,informational,Rising,related,investment recovery calculator,2026-09-15 00:38:51 +00:00,Yes,Expansion data: validate relevance before publishing.
investment calculator nerdwallet,320,43,3.9,LOW,informational,Stable,related,investment recovery calculator,2026-09-14 09:12:38 +00:00,Yes,Expansion data: validate relevance before publishing.
compound interest calculator gov,320,57,3.84,LOW,informational,Stable,related,investment recovery calculator,2026-09-14 11:58:27 +00:00,Yes,Expansion data: validate relevance before publishing.
investment goal calculator,320,33,2.68,LOW,informational,Stable,related,investment recovery calculator,2026-09-13 04:53:39 +00:00,Yes,Expansion data: validate relevance before publishing.
aimex,320,0,,LOW,navigational,Stable,,,2026-09-15 19:07:27 +00:00,Yes,
zentex,320,0,34.32,LOW,transactional,Stable,,,2026-09-12 06:16:59 +00:00,Yes,
crypto staking platforms,260,22,15.18,LOW,commercial,Falling,related,passive income crypto,2026-09-12 20:20:34 +00:00,Yes,Expansion data: validate relevance before publishing.
how does staking crypto work,260,43,1.16,LOW,informational,Falling,related,passive income crypto,2026-09-13 02:34:42 +00:00,Yes,Expansion data: validate relevance before publishing.
best crypto for beginners,260,27,8.55,MEDIUM,commercial,Stable,related,passive income crypto,2026-09-13 07:48:58 +00:00,Yes,Expansion data: validate relevance before publishing.
best crypto staking platform www stakesmart io,260,23,,,commercial,Falling,related,crypto staking platforms,2026-09-15 13:17:34 +00:00,Yes,Expansion data: validate relevance before publishing.
lido staking,260,16,6.04,LOW,informational,Falling,related,crypto staking platforms,2026-09-15 04:26:33 +00:00,Yes,Expansion data: validate relevance before publishing.
crypto loans without collateral,260,0,9.52,MEDIUM,commercial,Falling,related,crypto lending platforms,2026-09-15 05:23:41 +00:00,Yes,Expansion data: validate relevance before publishing.
best ai trading bot for beginners,260,7,11.06,HIGH,commercial,Falling,related,AI trading platforms,2026-09-12 12:00:58 +00:00,Yes,Expansion data: validate relevance before publishing.
investment calculator by age,260,54,2.97,MEDIUM,informational,Rising,related,investment recovery calculator,2026-09-15 13:12:26 +00:00,Yes,Expansion data: validate relevance before publishing.
yearly investment return calculator,260,58,2.7,LOW,informational,Stable,related,investment recovery calculator,2026-09-15 20:21:55 +00:00,Yes,Expansion data: validate relevance before publishing.
compound interest calculator app,260,57,0.19,LOW,informational,Stable,related,investment recovery calculator,2026-09-17 12:21:50 +00:00,Yes,Expansion data: validate relevance before publishing.
recurring investment calculator,260,47,1.08,LOW,informational,Stable,related,investment recovery calculator,2026-09-14 05:57:34 +00:00,Yes,Expansion data: validate relevance before publishing.
rate of return calculator excel,260,11,,LOW,informational,Falling,related,investment recovery calculator,2026-09-13 09:28:07 +00:00,Yes,Expansion data: validate relevance before publishing.
moneychimp retirement calculator,260,8,4.1,LOW,informational,Stable,related,investment recovery calculator,2026-09-15 15:25:39 +00:00,Yes,Expansion data: validate relevance before publishing.
simple interest calculator monthly,260,16,2.34,LOW,informational,Falling,related,crypto yield calculator,2026-09-12 20:10:50 +00:00,Yes,Expansion data: validate relevance before publishing.
osmosis crypto,210,48,,LOW,informational,Falling,related,passive income crypto,2026-09-13 12:21:28 +00:00,Yes,Expansion data: validate relevance before publishing.
highest apy crypto staking,210,29,5.88,MEDIUM,informational,Falling,related,passive income crypto,2026-09-16 03:30:07 +00:00,Yes,Expansion data: validate relevance before publishing.
how cryptocurrency works for beginners,210,73,16.14,LOW,informational,Falling,related,passive income crypto,2026-09-16 20:42:46 +00:00,Yes,Expansion data: validate relevance before publishing.
how does cryptocurrency make money,210,50,1.57,LOW,informational,Stable,related,passive income crypto,2026-09-15 13:10:05 +00:00,Yes,Expansion data: validate relevance before publishing.
learn and earn crypto for free,210,46,8.48,MEDIUM,informational,Falling,related,passive income crypto,2026-09-14 23:42:48 +00:00,Yes,Expansion data: validate relevance before publishing.
free crypto mining apps for android,210,24,5.52,MEDIUM,commercial,Falling,related,passive income crypto,2026-09-13 02:57:49 +00:00,Yes,Expansion data: validate relevance before publishing.
is staking crypto safe,210,16,,LOW,informational,Falling,related,passive income crypto,2026-09-17 17:25:33 +00:00,Yes,Expansion data: validate relevance before publishing.
lido dao,210,51,12.89,LOW,informational,Stable,related,crypto staking platforms,2026-09-16 11:37:26 +00:00,Yes,Expansion data: validate relevance before publishing.
exodus wallet login,210,51,8.3,LOW,navigational,Stable,related,crypto staking platforms,2026-09-14 01:30:23 +00:00,Yes,Expansion data: validate relevance before publishing.
etoro copy trading app,210,39,3.88,LOW,transactional,Rising,related,copy trading platforms,2026-09-14 22:13:55 +00:00,Yes,Expansion data: validate relevance before publishing.
best copy trading app,210,51,14.56,MEDIUM,commercial,Rising,related,copy trading platforms,2026-09-12 17:38:09 +00:00,Yes,Expansion data: validate relevance before publishing.
best ai stock trading bot free,210,8,6.9,MEDIUM,commercial,Falling,related,AI trading platforms,2026-09-16 14:46:42 +00:00,Yes,Expansion data: validate relevance before publishing.
automatic ai investment app,210,35,16.48,HIGH,commercial,Stable,related,AI trading platforms,2026-09-16 13:31:41 +00:00,Yes,Expansion data: validate relevance before publishing.
monthly investment return calculator,210,31,3.25,LOW,informational,Falling,related,investment recovery calculator,2026-09-14 10:14:51 +00:00,Yes,Expansion data: validate relevance before publishing.
s&p 500 return calculator monthly investment,210,7,3.49,LOW,commercial,Rising,related,investment recovery calculator,2026-09-15 05:01:46 +00:00,Yes,Expansion data: validate relevance before publishing.
money guy investment calculator,210,13,3.98,LOW,informational,Rising,related,investment recovery calculator,2026-09-14 05:00:58 +00:00,Yes,Expansion data: validate relevance before publishing.
compound interest with withdrawals calculator,210,19,3.1,LOW,informational,Stable,related,investment recovery calculator,2026-09-14 01:22:47 +00:00,Yes,Expansion data: validate relevance before publishing.
percentage gain formula,210,12,,LOW,informational,Falling,related,investment recovery calculator,2026-09-16 20:31:58 +00:00,Yes,Expansion data: validate relevance before publishing.
crypto staking calculator,170,19,,LOW,informational,Falling,related,passive income crypto,2026-09-12 22:17:44 +00:00,Yes,Expansion data: validate relevance before publishing.
make $100 a day trading cryptocurrency,170,0,15.05,MEDIUM,transactional,Stable,related,passive income crypto,2026-09-12 19:26:45 +00:00,Yes,Expansion data: validate relevance before publishing.
coinbase staking rates,170,58,,LOW,informational,Falling,related,passive income crypto,2026-09-12 06:06:13 +00:00,Yes,Expansion data: validate relevance before publishing.
osmosis dex,170,18,,LOW,transactional,Falling,related,passive income crypto,2026-09-13 07:30:10 +00:00,Yes,Expansion data: validate relevance before publishing.
how does cryptocurrency have value,170,21,0.18,LOW,informational,Stable,related,passive income crypto,2026-09-13 16:50:47 +00:00,Yes,Expansion data: validate relevance before publishing.
coinbase staking rewards,170,21,,LOW,informational,Stable,related,passive income crypto,2026-09-13 00:06:37 +00:00,Yes,Expansion data: validate relevance before publishing.
best staking crypto,170,17,5.75,MEDIUM,commercial,Falling,related,crypto staking platforms,2026-09-16 02:32:27 +00:00,Yes,Expansion data: validate relevance before publishing.
best ai trading platform for beginners,170,7,7.72,HIGH,commercial,Falling,related,AI trading platforms,2026-09-15 03:39:36 +00:00,Yes,Expansion data: validate relevance before publishing.
best automated ai trading app,170,27,15.19,HIGH,commercial,Stable,related,AI trading platforms,2026-09-12 23:53:22 +00:00,Yes,Expansion data: validate relevance before publishing.
best ai trading app that trades for you,170,27,16.99,HIGH,commercial,Rising,related,AI trading platforms,2026-09-16 06:56:07 +00:00,Yes,Expansion data: validate relevance before publishing.
best ai trading app for beginners free,170,11,14.57,HIGH,commercial,Stable,related,AI trading platforms,2026-09-13 11:11:59 +00:00,Yes,Expansion data: validate relevance before publishing.
free ai stock trading app,170,32,13.33,HIGH,commercial,Rising,related,AI trading platforms,2026-09-14 02:11:02 +00:00,Yes,Expansion data: validate relevance before publishing.
best investment calculator,170,47,3.67,MEDIUM,commercial,Stable,related,investment recovery calculator,2026-09-14 06:10:22 +00:00,Yes,Expansion data: validate relevance before publishing.
how to calculate annual return on investment,170,43,3.68,LOW,informational,Falling,related,investment recovery calculator,2026-09-12 03:07:04 +00:00,Yes,Expansion data: validate relevance before publishing.
passive income crypto,140,8,3.9,LOW,commercial,Falling,related,passive income crypto,2026-09-12 17:09:10 +00:00,Yes,Expansion data: validate relevance before publishing.
crypto passive income,140,8,3.9,LOW,informational,Falling,related,passive income crypto,2026-09-13 10:24:50 +00:00,Yes,Expansion data: validate relevance before publishing.
how to day trade crypto for beginners,140,12,11.6,MEDIUM,informational,Stable,related,passive income crypto,2026-09-15 00:53:37 +00:00,Yes,Expansion data: validate relevance before publishing.
passive crypto income,140,8,3.9,LOW,informational,Falling,related,passive income crypto,2026-09-13 17:49:41 +00:00,Yes,Expansion data: validate relevance before publishing.
hodlnaut,140,9,,LOW,informational,Stable,related,passive income crypto,2026-09-14 03:13:43 +00:00,Yes,Expansion data: validate relevance before publishing.
binance staking,140,20,,LOW,commercial,Falling,related,crypto staking platforms,2026-09-16 06:28:46 +00:00,Yes,Expansion data: validate relevance before publishing.
how to stake on coinbase,140,17,,LOW,informational,Falling,related,crypto staking platforms,2026-09-12 09:24:02 +00:00,Yes,Expansion data: validate relevance before publishing.
best ai trading tool,140,16,9.43,MEDIUM,commercial,Falling,related,AI trading platforms,2026-09-14 08:13:24 +00:00,Yes,Expansion data: validate relevance before publishing.
free ai trading,140,30,12.47,HIGH,commercial,Falling,related,AI trading platforms,2026-09-15 23:11:49 +00:00,Yes,Expansion data: validate relevance before publishing.
daily compound interest calculator excel,140,13,2.39,LOW,informational,Falling,related,investment recovery calculator,2026-09-12 09:26:58 +00:00,Yes,Expansion data: validate relevance before publishing.
power of compounding calculator,140,57,1.72,LOW,informational,Stable,related,investment recovery calculator,2026-09-13 12:51:02 +00:00,Yes,Expansion data: validate relevance before publishing.
free crypto calculator,140,14,3.05,LOW,informational,Falling,related,crypto yield calculator,2026-09-12 19:55:35 +00:00,Yes,Expansion data: validate relevance before publishing.
compound interest formula example with solution,140,13,,LOW,transactional,Falling,related,crypto yield calculator,2026-09-12 01:06:13 +00:00,Yes,Expansion data: validate relevance before publishing.
nokyc,140,20,,LOW,informational,Stable,,,2026-09-16 08:35:51 +00:00,Yes,
exodus wallet hacked,110,17,,LOW,informational,Falling,related,crypto staking platforms,2026-09-13 03:06:03 +00:00,Yes,Expansion data: validate relevance before publishing.
etoro fees,110,8,25.74,LOW,informational,Falling,related,copy trading platforms,2026-09-14 07:44:42 +00:00,Yes,Expansion data: validate relevance before publishing.
etoro reddit,110,16,,LOW,informational,Falling,related,copy trading platforms,2026-09-12 06:04:03 +00:00,Yes,Expansion data: validate relevance before publishing.
best automated ai trading platform,110,39,16.75,HIGH,commercial,Rising,related,AI trading platforms,2026-09-15 00:13:05 +00:00,Yes,Expansion data: validate relevance before publishing.
ai trading bot for beginners,110,16,10.47,MEDIUM,commercial,Stable,related,AI trading platforms,2026-09-13 14:04:33 +00:00,Yes,Expansion data: validate relevance before publishing.
best ai trading for beginners,110,0,10.83,HIGH,commercial,Stable,related,AI trading platforms,2026-09-12 10:48:28 +00:00,Yes,Expansion data: validate relevance before publishing.
5 year investment calculator,110,46,3.47,MEDIUM,informational,Rising,related,investment recovery calculator,2026-09-16 08:19:24 +00:00,Yes,Expansion data: validate relevance before publishing.
investment calculator with withdrawals and inflation,110,22,3.19,LOW,commercial,Stable,related,investment recovery calculator,2026-09-12 03:36:29 +00:00,Yes,Expansion data: validate relevance before publishing.
monthly investment withdrawal calculator,110,33,3.61,LOW,transactional,Rising,related,investment recovery calculator,2026-09-12 17:38:39 +00:00,Yes,Expansion data: validate relevance before publishing.
daily compound interest formula excel,110,0,,LOW,informational,Stable,related,crypto yield calculator,2026-09-14 00:34:05 +00:00,Yes,Expansion data: validate relevance before publishing.
daily interest formula,110,14,,LOW,informational,Stable,related,crypto yield calculator,2026-09-12 09:36:56 +00:00,Yes,Expansion data: validate relevance before publishing.
mortgage daily interest calculator,110,42,,LOW,informational,Falling,related,crypto yield calculator,2026-09-15 19:35:12 +00:00,Yes,Expansion data: validate relevance before publishing.
crypto investment scam,110,41,2.14,LOW,commercial,Falling,,,2026-09-17 20:54:30 +00:00,Yes,
how to make money from crypto for beginners,90,46,7.99,MEDIUM,informational,Rising,related,passive income crypto,2026-09-12 19:26:45 +00:00,Yes,Expansion data: validate relevance before publishing.
crypto staking rewards,90,42,11.57,LOW,commercial,Falling,related,passive income crypto,2026-09-13 12:02:49 +00:00,Yes,Expansion data: validate relevance before publishing.
blockfi interest rates,90,6,,LOW,informational,Rising,related,passive income crypto,2026-09-14 17:51:04 +00:00,Yes,Expansion data: validate relevance before publishing.
crypto day trading strategies,90,25,14.83,LOW,informational,Falling,related,passive income crypto,2026-09-13 11:51:39 +00:00,Yes,Expansion data: validate relevance before publishing.
how to trade cryptocurrency and make profit,90,18,12.61,MEDIUM,informational,Falling,related,passive income crypto,2026-09-12 17:27:21 +00:00,Yes,Expansion data: validate relevance before publishing.
coinbase learning rewards,90,24,9.36,LOW,informational,Stable,related,passive income crypto,2026-09-14 21:01:59 +00:00,Yes,Expansion data: validate relevance before publishing.
liquid staking protocol,90,33,,LOW,informational,Stable,related,crypto staking platforms,2026-09-15 11:32:03 +00:00,Yes,Expansion data: validate relevance before publishing.
staking rewards calculator,90,19,,LOW,informational,Stable,related,crypto staking platforms,2026-09-12 01:08:36 +00:00,Yes,Expansion data: validate relevance before publishing.
crypto.com staking,90,14,,LOW,informational,Falling,related,crypto staking platforms,2026-09-12 06:21:34 +00:00,Yes,Expansion data: validate relevance before publishing.
exodus wallet extension,90,51,,LOW,transactional,Falling,related,crypto staking platforms,2026-09-13 04:57:32 +00:00,Yes,Expansion data: validate relevance before publishing.
best crypto lending platforms,90,49,13.48,LOW,commercial,Falling,related,crypto lending platforms,2026-09-15 00:11:47 +00:00,Yes,Expansion data: validate relevance before publishing.
instant crypto loan,90,25,14.2,MEDIUM,transactional,Falling,related,crypto lending platforms,2026-09-13 00:16:03 +00:00,Yes,Expansion data: validate relevance before publishing.
best copy trading platform in usa,90,39,13.58,MEDIUM,commercial,Rising,related,copy trading platforms,2026-09-12 13:40:35 +00:00,Yes,Expansion data: validate relevance before publishing.
best ai automated stock trading app,90,29,13.7,HIGH,commercial,Rising,related,AI trading platforms,2026-09-14 19:50:45 +00:00,Yes,Expansion data: validate relevance before publishing.
the best ai trading app,90,28,14.89,HIGH,commercial,Stable,related,AI trading platforms,2026-09-13 23:41:29 +00:00,Yes,Expansion data: validate relevance before publishing.
best automated crypto trading platform,90,57,15.55,MEDIUM,commercial,Falling,related,AI trading platforms,2026-09-16 08:33:48 +00:00,Yes,Expansion data: validate relevance before publishing.
best ai stock trading platforms,90,44,14.17,MEDIUM,commercial,Stable,suggestion,AI trading platforms,2026-09-14 06:17:57 +00:00,Yes,Expansion data: validate relevance before publishing.
starbucks no proof lawsuit payout,90,0,5.55,LOW,commercial,Rising,suggestion,payout proof,2026-09-14 23:52:16 +00:00,Yes,Expansion data: validate relevance before publishing.
crypto future profit calculator,90,29,,LOW,informational,Falling,related,crypto yield calculator,2026-09-16 03:51:52 +00:00,Yes,Expansion data: validate relevance before publishing.
crypto futures calculator,90,3,,LOW,informational,Falling,related,crypto yield calculator,2026-09-14 20:58:55 +00:00,Yes,Expansion data: validate relevance before publishing.
procash,90,0,,LOW,informational,Stable,,,2026-09-14 18:10:29 +00:00,Yes,
tag markets login,90,4,22.1,LOW,navigational,Rising,,,2026-09-14 19:33:59 +00:00,Yes,
universe pro,90,11,,LOW,navigational,Stable,,,2026-09-17 00:47:04 +00:00,Yes,
coinbase staking portfolio,70,14,22.14,LOW,commercial,Rising,related,passive income crypto,2026-09-15 07:11:34 +00:00,Yes,Expansion data: validate relevance before publishing.
earn free crypto without investment,70,46,6.25,LOW,transactional,Rising,related,passive income crypto,2026-09-13 02:22:32 +00:00,Yes,Expansion data: validate relevance before publishing.
learn and earn crypto usa,70,55,9.86,MEDIUM,commercial,Falling,related,passive income crypto,2026-09-12 23:33:46 +00:00,Yes,Expansion data: validate relevance before publishing.
ledger live staking,70,32,,LOW,informational,Falling,related,crypto staking platforms,2026-09-14 20:52:52 +00:00,Yes,Expansion data: validate relevance before publishing.
free crypto loans without collateral,70,0,10.68,MEDIUM,commercial,Falling,related,crypto lending platforms,2026-09-15 01:04:33 +00:00,Yes,Expansion data: validate relevance before publishing.
best ai trading bot free,70,12,15.05,HIGH,commercial,Rising,related,AI trading platforms,2026-09-15 04:03:29 +00:00,Yes,Expansion data: validate relevance before publishing.
ai trading app free,70,16,20.43,HIGH,commercial,Falling,related,AI trading platforms,2026-09-15 09:57:21 +00:00,Yes,Expansion data: validate relevance before publishing.
ai trading app review,70,32,4.72,MEDIUM,commercial,Falling,related,AI trading platforms,2026-09-15 00:16:49 +00:00,Yes,Expansion data: validate relevance before publishing.
free ai trading bot for beginners,70,3,11.04,HIGH,commercial,Falling,related,AI trading platforms,2026-09-12 20:33:00 +00:00,Yes,Expansion data: validate relevance before publishing.
best free ai trading app,70,39,16.81,HIGH,commercial,Stable,related,AI trading platforms,2026-09-17 22:08:52 +00:00,Yes,Expansion data: validate relevance before publishing.
rockflow ai trading,70,36,,MEDIUM,transactional,Falling,related,AI trading platforms,2026-09-14 07:00:46 +00:00,Yes,Expansion data: validate relevance before publishing.
best ai auto trading app,70,16,29.48,HIGH,commercial,Falling,related,AI trading platforms,2026-09-15 02:47:15 +00:00,Yes,Expansion data: validate relevance before publishing.
ai automated trading bot,70,8,10.5,MEDIUM,commercial,Stable,related,AI trading platforms,2026-09-15 07:59:39 +00:00,Yes,Expansion data: validate relevance before publishing.
best crypto trading bot for beginners,70,34,9.25,LOW,commercial,Falling,related,AI trading platforms,2026-09-13 11:37:29 +00:00,Yes,Expansion data: validate relevance before publishing.
atlas funded payout proof,70,0,4.28,LOW,transactional,Falling,suggestion,payout proof,2026-09-12 11:10:03 +00:00,Yes,Expansion data: validate relevance before publishing.
stock investment calculator over time,70,67,9.49,LOW,informational,Stable,related,investment recovery calculator,2026-09-15 03:54:25 +00:00,Yes,Expansion data: validate relevance before publishing.
monthly rate of return calculator,70,34,2.29,LOW,informational,Falling,related,investment recovery calculator,2026-09-14 04:43:30 +00:00,Yes,Expansion data: validate relevance before publishing.
s&p 500 return calculator by date,70,19,,LOW,informational,Falling,related,investment recovery calculator,2026-09-14 17:07:10 +00:00,Yes,Expansion data: validate relevance before publishing.
moneychimp annuity calculator,70,16,3.13,LOW,informational,Stable,related,investment recovery calculator,2026-09-12 00:52:42 +00:00,Yes,Expansion data: validate relevance before publishing.
impermanent loss calculator,70,15,,LOW,informational,Falling,related,crypto yield calculator,2026-09-13 11:32:55 +00:00,Yes,Expansion data: validate relevance before publishing.
impermanent loss calculation,70,15,,LOW,informational,Falling,related,crypto yield calculator,2026-09-17 22:18:22 +00:00,Yes,Expansion data: validate relevance before publishing.
free crypto profit calculator,70,3,4.05,LOW,informational,Rising,related,crypto yield calculator,2026-09-15 20:11:54 +00:00,Yes,Expansion data: validate relevance before publishing.
simple interest calculator by date,70,12,,LOW,informational,Stable,related,crypto yield calculator,2026-09-12 18:48:40 +00:00,Yes,Expansion data: validate relevance before publishing.
simple interest calculator inr,70,13,,LOW,informational,Falling,related,crypto yield calculator,2026-09-13 11:17:56 +00:00,Yes,Expansion data: validate relevance before publishing.
hyip monitor,70,31,5.47,LOW,transactional,Stable,related,HYIP monitor,2026-09-14 00:28:20 +00:00,Yes,Expansion data: validate relevance before publishing.
best cloud mining platforms,70,40,9.86,MEDIUM,commercial,Falling,,,2026-09-16 15:49:45 +00:00,Yes,
defi vaults,70,0,33.8,LOW,navigational,Falling,,,2026-09-16 07:42:41 +00:00,Yes,
crypto apex skins,50,0,,LOW,informational,Stable,related,passive income crypto,2026-09-12 04:22:24 +00:00,Yes,Expansion data: validate relevance before publishing.
how to earn passive income with crypto,50,15,,LOW,informational,Rising,suggestion,passive income crypto,2026-09-13 11:11:59 +00:00,Yes,Expansion data: validate relevance before publishing.
best defi staking platform,50,14,,LOW,commercial,Falling,related,crypto staking platforms,2026-09-14 03:59:43 +00:00,Yes,Expansion data: validate relevance before publishing.
defi lending platforms,50,12,10.17,LOW,commercial,Falling,related,crypto staking platforms,2026-09-15 14:15:45 +00:00,Yes,Expansion data: validate relevance before publishing.
how does exodus wallet work,50,18,,LOW,informational,Stable,related,crypto staking platforms,2026-09-15 03:29:21 +00:00,Yes,Expansion data: validate relevance before publishing.
crypto loans without collateral no credit check,50,1,7.73,MEDIUM,commercial,Stable,related,crypto lending platforms,2026-09-16 15:39:51 +00:00,Yes,Expansion data: validate relevance before publishing.
crypto loan without deposit,50,3,13.5,MEDIUM,transactional,Rising,related,crypto lending platforms,2026-09-13 21:24:40 +00:00,Yes,Expansion data: validate relevance before publishing.
crypto loans without collateral usa,50,1,18.59,MEDIUM,commercial,Stable,related,crypto lending platforms,2026-09-13 13:59:42 +00:00,Yes,Expansion data: validate relevance before publishing.
crypto loan no collateral,50,4,14.5,MEDIUM,commercial,Stable,related,crypto lending platforms,2026-09-14 01:35:10 +00:00,Yes,Expansion data: validate relevance before publishing.
top 10 copy trading platforms,50,46,14.46,MEDIUM,commercial,Rising,related,copy trading platforms,2026-09-13 23:10:51 +00:00,Yes,Expansion data: validate relevance before publishing.
crypto copy trading platforms,50,33,18.56,MEDIUM,commercial,Stable,suggestion,copy trading platforms,2026-09-14 03:31:55 +00:00,Yes,Expansion data: validate relevance before publishing.
best crypto copy trading platforms,50,7,14.15,LOW,commercial,Rising,suggestion,copy trading platforms,2026-09-16 23:56:38 +00:00,Yes,Expansion data: validate relevance before publishing.
ai trading software free,50,18,11.82,HIGH,commercial,Falling,related,AI trading platforms,2026-09-12 22:15:37 +00:00,Yes,Expansion data: validate relevance before publishing.
best ai stock trading bot for beginners,50,26,5.74,HIGH,commercial,Falling,related,AI trading platforms,2026-09-13 11:14:36 +00:00,Yes,Expansion data: validate relevance before publishing.
ai trading github,50,15,6.96,LOW,commercial,Rising,related,AI trading platforms,2026-09-14 22:10:00 +00:00,Yes,Expansion data: validate relevance before publishing.
top ai trading platforms,50,32,11.44,HIGH,commercial,Stable,suggestion,AI trading platforms,2026-09-15 18:47:33 +00:00,Yes,Expansion data: validate relevance before publishing.
compound interest with withdrawals formula,50,27,,LOW,informational,Falling,related,investment recovery calculator,2026-09-13 03:03:14 +00:00,Yes,Expansion data: validate relevance before publishing.
apy calculator crypto,50,8,29.41,LOW,informational,Falling,related,crypto yield calculator,2026-09-13 13:57:30 +00:00,Yes,Expansion data: validate relevance before publishing.
crypto compound interest calculator,50,41,,LOW,informational,Falling,related,crypto yield calculator,2026-09-16 19:27:16 +00:00,Yes,Expansion data: validate relevance before publishing.
best crypto profit calculator,50,23,,LOW,informational,Falling,related,crypto yield calculator,2026-09-15 17:16:06 +00:00,Yes,Expansion data: validate relevance before publishing.
crypto calculator future profit,50,7,,LOW,commercial,Falling,related,crypto yield calculator,2026-09-16 00:53:33 +00:00,Yes,Expansion data: validate relevance before publishing.
how to calculate daily interest on savings account,50,0,,LOW,informational,Falling,related,crypto yield calculator,2026-09-12 22:41:53 +00:00,Yes,Expansion data: validate relevance before publishing.
best hyip,50,24,,LOW,commercial,Rising,related,HYIP monitor,2026-09-17 05:01:53 +00:00,Yes,Expansion data: validate relevance before publishing.
automated crypto trading platforms,50,75,0.09,LOW,commercial,Rising,,,2026-09-17 02:18:39 +00:00,Yes,
best stablecoin yield,50,10,14.96,LOW,commercial,Falling,,,2026-09-16 22:09:41 +00:00,Yes,
how to make money in crypto without money,40,22,9.52,LOW,informational,Falling,related,passive income crypto,2026-09-16 11:03:42 +00:00,Maybe,Expansion data: validate relevance before publishing.
best crypto to stake on coinbase,40,33,,LOW,commercial,Falling,related,passive income crypto,2026-09-14 18:56:36 +00:00,Yes,Expansion data: validate relevance before publishing.
is staking crypto halal,40,0,,LOW,informational,Falling,related,passive income crypto,2026-09-15 20:08:44 +00:00,Maybe,Expansion data: validate relevance before publishing.
highest staking rewards crypto,40,23,5.73,MEDIUM,informational,Falling,related,passive income crypto,2026-09-15 00:40:49 +00:00,Maybe,Expansion data: validate relevance before publishing.
is staking on coinbase worth it,40,3,,LOW,informational,Stable,related,passive income crypto,2026-09-12 06:31:03 +00:00,Maybe,Expansion data: validate relevance before publishing.
lido liquid staking,40,2,,LOW,transactional,Falling,related,crypto staking platforms,2026-09-12 13:31:58 +00:00,Yes,Expansion data: validate relevance before publishing.
best crypto loans without collateral,40,0,48.33,MEDIUM,commercial,Stable,related,crypto lending platforms,2026-09-12 11:04:48 +00:00,Yes,Expansion data: validate relevance before publishing.
etoro copy trading review,40,13,13.47,LOW,commercial,Stable,related,copy trading platforms,2026-09-12 14:48:52 +00:00,Yes,Expansion data: validate relevance before publishing.
best platforms for copy trading,40,57,19.7,MEDIUM,commercial,Stable,suggestion,copy trading platforms,2026-09-14 22:42:07 +00:00,Yes,Expansion data: validate relevance before publishing.
ai trading bot github,40,18,3.55,LOW,informational,Rising,related,AI trading platforms,2026-09-12 00:58:38 +00:00,Maybe,Expansion data: validate relevance before publishing.
best ai trading bot reddit,40,0,12.27,LOW,commercial,Falling,related,AI trading platforms,2026-09-15 00:36:49 +00:00,Yes,Expansion data: validate relevance before publishing.
ai automated trading app,40,27,17.35,MEDIUM,commercial,Stable,related,AI trading platforms,2026-09-15 09:09:09 +00:00,Yes,Expansion data: validate relevance before publishing.
best ai day trading bot,40,40,10.46,MEDIUM,commercial,Stable,related,AI trading platforms,2026-09-12 10:07:02 +00:00,Yes,Expansion data: validate relevance before publishing.
ai powered stock trading platforms,40,52,5.51,LOW,commercial,Falling,suggestion,AI trading platforms,2026-09-17 06:35:56 +00:00,Yes,Expansion data: validate relevance before publishing.
topstep payout proof,40,0,,LOW,commercial,Falling,suggestion,payout proof,2026-09-12 08:39:42 +00:00,Yes,Expansion data: validate relevance before publishing.
retirement investment calculator with withdrawals,40,35,3.22,MEDIUM,commercial,Rising,related,investment recovery calculator,2026-09-15 00:23:56 +00:00,Yes,Expansion data: validate relevance before publishing.
how to calculate gain or loss on stock,40,3,,LOW,informational,Stable,related,investment recovery calculator,2026-09-13 15:29:42 +00:00,Maybe,Expansion data: validate relevance before publishing.
stock average calculator zerodha,40,8,,LOW,informational,Stable,related,investment recovery calculator,2026-09-12 13:50:53 +00:00,Maybe,Expansion data: validate relevance before publishing.
cost of investment formula,40,38,,LOW,informational,Falling,related,investment recovery calculator,2026-09-14 07:32:49 +00:00,Maybe,Expansion data: validate relevance before publishing.
rate of investment formula,40,42,,LOW,informational,Falling,related,investment recovery calculator,2026-09-15 21:13:47 +00:00,Maybe,Expansion data: validate relevance before publishing.
daily compound interest calculator app,40,31,,LOW,informational,Falling,related,investment recovery calculator,2026-09-13 16:52:18 +00:00,Maybe,Expansion data: validate relevance before publishing.
periodic rate calculator,40,15,,LOW,informational,Falling,related,crypto yield calculator,2026-09-13 16:16:25 +00:00,Maybe,Expansion data: validate relevance before publishing.
how to track mortgage rates daily,40,93,4.27,MEDIUM,informational,Stable,related,crypto yield calculator,2026-09-12 01:11:25 +00:00,Maybe,Expansion data: validate relevance before publishing.
monthly late payment interest calculator,40,0,,LOW,informational,Falling,related,crypto yield calculator,2026-09-15 01:20:15 +00:00,Maybe,Expansion data: validate relevance before publishing.
compound interest formula class 8,40,1,,LOW,informational,Falling,related,crypto yield calculator,2026-09-14 02:41:43 +00:00,Maybe,Expansion data: validate relevance before publishing.
hyip investment,40,17,5.45,MEDIUM,commercial,Stable,related,HYIP monitor,2026-09-14 18:02:03 +00:00,Yes,Expansion data: validate relevance before publishing.
aevos,40,0,,LOW,informational,Rising,,,2026-09-13 01:42:28 +00:00,Maybe,
marsses,40,0,,LOW,informational,Stable,,,2026-09-15 03:54:27 +00:00,Maybe,
best passive income crypto,30,47,,LOW,commercial,Rising,related,passive income crypto,2026-09-16 01:20:50 +00:00,Yes,Expansion data: validate relevance before publishing.
crypto mining apps for android,30,31,5.04,LOW,commercial,Stable,related,passive income crypto,2026-09-14 19:21:05 +00:00,Yes,Expansion data: validate relevance before publishing.
top 10 highest apy crypto staking,30,18,,LOW,commercial,Stable,related,passive income crypto,2026-09-13 03:39:35 +00:00,Yes,Expansion data: validate relevance before publishing.
liquid staking platforms,30,18,,LOW,commercial,Rising,related,passive income crypto,2026-09-13 12:51:20 +00:00,Yes,Expansion data: validate relevance before publishing.
best crypto staking rewards,30,33,6.31,LOW,commercial,Falling,related,passive income crypto,2026-09-13 12:41:59 +00:00,Yes,Expansion data: validate relevance before publishing.
how to make money day trading crypto,30,2,,LOW,informational,Stable,related,passive income crypto,2026-09-16 04:21:16 +00:00,Maybe,Expansion data: validate relevance before publishing.
how to earn passive income crypto,30,,,LOW,informational,Rising,suggestion,passive income crypto,2026-09-16 06:20:03 +00:00,Maybe,Expansion data: validate relevance before publishing.
best defi lending platform,30,28,8.85,MEDIUM,commercial,Falling,related,crypto staking platforms,2026-09-16 19:29:37 +00:00,Yes,Expansion data: validate relevance before publishing.
what can you stake on coinbase,30,13,,LOW,informational,Falling,related,crypto staking platforms,2026-09-13 07:26:42 +00:00,Maybe,Expansion data: validate relevance before publishing.
coinbase staking calculator,30,20,,LOW,informational,Falling,related,crypto staking platforms,2026-09-14 10:40:54 +00:00,Maybe,Expansion data: validate relevance before publishing.
lido finance careers,30,0,,LOW,navigational,Falling,related,crypto staking platforms,2026-09-17 01:26:48 +00:00,Maybe,Expansion data: validate relevance before publishing.
ledger staking rates,30,9,,LOW,informational,Falling,related,crypto staking platforms,2026-09-12 20:26:28 +00:00,Maybe,Expansion data: validate relevance before publishing.
staking rewards crypto,30,45,,LOW,commercial,Stable,related,crypto staking platforms,2026-09-16 11:48:52 +00:00,Yes,Expansion data: validate relevance before publishing.
top crypto staking platforms,30,59,24.45,LOW,commercial,Rising,suggestion,crypto staking platforms,2026-09-17 11:38:25 +00:00,Yes,Expansion data: validate relevance before publishing.
free copy trading platforms,30,46,8.9,MEDIUM,commercial,Rising,related,copy trading platforms,2026-09-16 14:53:48 +00:00,Yes,Expansion data: validate relevance before publishing.
etoro reviews reddit,30,7,,LOW,informational,Stable,related,copy trading platforms,2026-09-12 05:26:50 +00:00,Maybe,Expansion data: validate relevance before publishing.
top copy trading platforms,30,46,17.82,MEDIUM,commercial,Falling,suggestion,copy trading platforms,2026-09-12 18:17:37 +00:00,Yes,Expansion data: validate relevance before publishing.
copy trading platforms usa,30,46,45.82,MEDIUM,commercial,Stable,suggestion,copy trading platforms,2026-09-13 11:05:50 +00:00,Yes,Expansion data: validate relevance before publishing.
ai trading platforms free,30,32,6.73,MEDIUM,commercial,Falling,related,AI trading platforms,2026-09-13 14:42:51 +00:00,Yes,Expansion data: validate relevance before publishing.
best ai trading app to make money,30,,12.3,HIGH,commercial,Rising,related,AI trading platforms,2026-09-12 18:47:03 +00:00,Yes,Expansion data: validate relevance before publishing.
best ai stock trading bot free for beginners,30,12,4.35,HIGH,commercial,Falling,related,AI trading platforms,2026-09-15 17:13:05 +00:00,Yes,Expansion data: validate relevance before publishing.
ai trading tool free,30,32,11.22,MEDIUM,commercial,Stable,related,AI trading platforms,2026-09-14 10:40:34 +00:00,Yes,Expansion data: validate relevance before publishing.
ai-driven trading platforms,30,40,12.97,HIGH,commercial,Falling,suggestion,AI trading platforms,2026-09-17 13:37:25 +00:00,Yes,Expansion data: validate relevance before publishing.
ai driven trading platforms,30,40,12.97,HIGH,commercial,Falling,suggestion,AI trading platforms,2026-09-14 08:06:54 +00:00,Yes,Expansion data: validate relevance before publishing.
best stock average down calculator,30,18,,LOW,informational,Stable,related,investment recovery calculator,2026-09-12 17:14:07 +00:00,Maybe,Expansion data: validate relevance before publishing.
daily compound interest calculator crypto,30,29,,LOW,informational,Falling,related,investment recovery calculator,2026-09-15 04:14:38 +00:00,Maybe,Expansion data: validate relevance before publishing.
daily compound interest calculator credit card,30,26,,LOW,informational,Falling,related,investment recovery calculator,2026-09-12 03:06:03 +00:00,Maybe,Expansion data: validate relevance before publishing.
crypto profit calculator with leverage,30,4,,LOW,commercial,Falling,related,crypto yield calculator,2026-09-13 15:24:51 +00:00,Yes,Expansion data: validate relevance before publishing.
crypto calculator usd,30,23,3.24,LOW,informational,Rising,related,crypto yield calculator,2026-09-16 00:30:43 +00:00,Maybe,Expansion data: validate relevance before publishing.
leverage profit calculator,30,0,,LOW,informational,Falling,related,crypto yield calculator,2026-09-12 09:55:00 +00:00,Maybe,Expansion data: validate relevance before publishing.
capital recovery calculator,30,0,,LOW,informational,Rising,,,2026-09-16 01:25:54 +00:00,Maybe,
daily return calculator,30,63,,LOW,informational,Falling,,,2026-09-14 08:18:29 +00:00,Maybe,
winvest login,30,,,LOW,navigational,Rising,,,2026-09-17 04:27:03 +00:00,Maybe,
crypto that pays dividends on coinbase,20,30,,LOW,informational,Stable,related,passive income crypto,2026-09-14 04:36:29 +00:00,Maybe,Expansion data: validate relevance before publishing.
crypto passive apex,20,5,,LOW,commercial,Stable,related,passive income crypto,2026-09-12 07:47:28 +00:00,Yes,Expansion data: validate relevance before publishing.
osmosis crypto price,20,19,,LOW,informational,Falling,related,passive income crypto,2026-09-13 17:54:50 +00:00,Maybe,Expansion data: validate relevance before publishing.
crypto abilities apex,20,6,,LOW,informational,Stable,related,passive income crypto,2026-09-16 19:29:12 +00:00,Maybe,Expansion data: validate relevance before publishing.
apex legends crypto drone,20,16,,LOW,informational,Stable,related,passive income crypto,2026-09-16 07:29:39 +00:00,Maybe,Expansion data: validate relevance before publishing.
coinbase staking apy,20,38,,LOW,commercial,Falling,related,passive income crypto,2026-09-17 01:18:53 +00:00,Yes,Expansion data: validate relevance before publishing.
make $100 a day trading cryptocurrency reddit,20,0,,LOW,commercial,Falling,related,passive income crypto,2026-09-15 21:11:05 +00:00,Yes,Expansion data: validate relevance before publishing.
trading cryptocurrency for beginners pdf,20,0,3.67,MEDIUM,transactional,Falling,related,passive income crypto,2026-09-12 10:42:18 +00:00,Yes,Expansion data: validate relevance before publishing.
learn and earn crypto 2026,20,,8.25,MEDIUM,transactional,Rising,related,passive income crypto,2026-09-14 02:37:42 +00:00,Yes,Expansion data: validate relevance before publishing.
crypto node passive income,20,8,,LOW,commercial,Falling,suggestion,passive income crypto,2026-09-13 10:06:31 +00:00,Yes,Expansion data: validate relevance before publishing.
how to stake crypto for passive income,20,,,,informational,Rising,suggestion,passive income crypto,2026-09-17 18:00:55 +00:00,Maybe,Expansion data: validate relevance before publishing.
passive income with crypto,20,19,,LOW,commercial,Falling,suggestion,passive income crypto,2026-09-12 00:44:09 +00:00,Yes,Expansion data: validate relevance before publishing.
how to make passive income with crypto,20,19,,LOW,informational,Falling,suggestion,passive income crypto,2026-09-15 22:18:16 +00:00,Maybe,Expansion data: validate relevance before publishing.
crypto nodes passive income,20,8,,LOW,commercial,Falling,suggestion,passive income crypto,2026-09-17 19:51:54 +00:00,Yes,Expansion data: validate relevance before publishing.
defi staking platform,20,8,4.93,LOW,informational,Stable,related,crypto staking platforms,2026-09-12 18:02:07 +00:00,Maybe,Expansion data: validate relevance before publishing.
liquid staking crypto,20,33,3.26,LOW,commercial,Rising,related,crypto staking platforms,2026-09-14 05:38:45 +00:00,Yes,Expansion data: validate relevance before publishing.
cryptex defi staking,20,0,,LOW,commercial,Falling,related,crypto staking platforms,2026-09-16 00:57:53 +00:00,Yes,Expansion data: validate relevance before publishing.
highest staking rewards,20,19,,MEDIUM,informational,Falling,related,crypto staking platforms,2026-09-15 12:17:32 +00:00,Maybe,Expansion data: validate relevance before publishing.
lido staking rewards,20,15,,LOW,commercial,Falling,related,crypto staking platforms,2026-09-13 13:24:51 +00:00,Yes,Expansion data: validate relevance before publishing.
stake calculator weekly,20,0,,LOW,informational,Rising,related,crypto staking platforms,2026-09-13 15:16:52 +00:00,Maybe,Expansion data: validate relevance before publishing.
download exodus wallet apk,20,,5.21,LOW,transactional,Rising,related,crypto staking platforms,2026-09-15 18:11:32 +00:00,Yes,Expansion data: validate relevance before publishing.
download exodus wallet for android,20,,5.6,LOW,transactional,Stable,related,crypto staking platforms,2026-09-16 13:42:11 +00:00,Yes,Expansion data: validate relevance before publishing.
top crypto lending platforms,20,24,,LOW,commercial,Falling,suggestion,crypto lending platforms,2026-09-12 22:44:35 +00:00,Yes,Expansion data: validate relevance before publishing.
best copy trading platform for beginners,20,,15.61,MEDIUM,commercial,Rising,related,copy trading platforms,2026-09-15 04:33:30 +00:00,Yes,Expansion data: validate relevance before publishing.
etoro copy trading reddit,20,0,,LOW,informational,Stable,related,copy trading platforms,2026-09-15 16:37:24 +00:00,Maybe,Expansion data: validate relevance before publishing.
best copy trading platform for prop firms,20,,6.32,MEDIUM,commercial,Rising,related,copy trading platforms,2026-09-13 20:33:24 +00:00,Yes,Expansion data: validate relevance before publishing.
ai trading bot telegram,20,,12.18,MEDIUM,commercial,Stable,related,AI trading platforms,2026-09-12 18:26:21 +00:00,Yes,Expansion data: validate relevance before publishing.
ai trading app reddit,20,,17.09,LOW,informational,Falling,related,AI trading platforms,2026-09-13 06:23:07 +00:00,Maybe,Expansion data: validate relevance before publishing.
best ai trading bot for crypto,20,34,,MEDIUM,commercial,Stable,related,AI trading platforms,2026-09-17 14:58:26 +00:00,Yes,Expansion data: validate relevance before publishing.
free ai trading app for android,20,,11.13,HIGH,commercial,Falling,related,AI trading platforms,2026-09-17 23:14:17 +00:00,Yes,Expansion data: validate relevance before publishing.
best free ai trading app for beginners,20,11,12.15,HIGH,commercial,Stable,related,AI trading platforms,2026-09-16 17:17:43 +00:00,Yes,Expansion data: validate relevance before publishing.
ai robot trading app,20,,18.33,HIGH,commercial,Falling,related,AI trading platforms,2026-09-15 06:04:26 +00:00,Yes,Expansion data: validate relevance before publishing.
ai trading for beginners free,20,,15.76,HIGH,commercial,Falling,related,AI trading platforms,2026-09-14 10:28:16 +00:00,Yes,Expansion data: validate relevance before publishing.
ai trading software free download,20,32,2.89,HIGH,transactional,Falling,related,AI trading platforms,2026-09-14 01:36:03 +00:00,Yes,Expansion data: validate relevance before publishing.
ai agent for trading github,20,,13.04,LOW,transactional,Rising,related,AI trading platforms,2026-09-15 19:46:54 +00:00,Yes,Expansion data: validate relevance before publishing.
payout claim class action no proof,20,,10.27,MEDIUM,transactional,Rising,suggestion,payout proof,2026-09-12 19:46:12 +00:00,Yes,Expansion data: validate relevance before publishing.
stock loss recovery calculator,20,0,,LOW,informational,Stable,related,investment recovery calculator,2026-09-12 13:58:46 +00:00,Maybe,Expansion data: validate relevance before publishing.
s&p 500 calculator euro,20,,4.9,LOW,informational,Falling,related,investment recovery calculator,2026-09-13 21:28:03 +00:00,Maybe,Expansion data: validate relevance before publishing.
stock average calculator formula,20,45,,LOW,informational,Stable,related,investment recovery calculator,2026-09-12 22:45:56 +00:00,Maybe,Expansion data: validate relevance before publishing.
stock average calculator app,20,6,,LOW,informational,Rising,related,investment recovery calculator,2026-09-13 02:06:16 +00:00,Maybe,Expansion data: validate relevance before publishing.
rate of return calculator mutual fund,20,58,1.7,LOW,informational,Stable,related,investment recovery calculator,2026-09-16 13:21:43 +00:00,Maybe,Expansion data: validate relevance before publishing.
monthly compound interest calculator sbi,20,24,1.94,LOW,informational,Stable,related,investment recovery calculator,2026-09-17 21:21:40 +00:00,Maybe,Expansion data: validate relevance before publishing.
compound interest with withdrawals calculator vanguard,20,,,LOW,commercial,Stable,related,investment recovery calculator,2026-09-14 15:40:37 +00:00,Yes,Expansion data: validate relevance before publishing.
crypto calculator app,20,30,,LOW,informational,Falling,related,crypto yield calculator,2026-09-14 01:00:42 +00:00,Maybe,Expansion data: validate relevance before publishing.
impermanent loss crypto,20,14,,LOW,informational,Falling,related,crypto yield calculator,2026-09-14 18:33:14 +00:00,Maybe,Expansion data: validate relevance before publishing.
leverage liquidation calculator,20,0,,LOW,informational,Falling,related,crypto yield calculator,2026-09-12 15:57:22 +00:00,Maybe,Expansion data: validate relevance before publishing.
crypto liquidation calculator,20,0,,LOW,informational,Falling,related,crypto yield calculator,2026-09-12 21:31:08 +00:00,Maybe,Expansion data: validate relevance before publishing.
hyip investment sites,20,55,8.27,MEDIUM,informational,Rising,related,HYIP monitor,2026-09-13 03:34:49 +00:00,Maybe,Expansion data: validate relevance before publishing.
hyip website,20,31,,MEDIUM,navigational,Falling,related,HYIP monitor,2026-09-13 13:25:55 +00:00,Maybe,Expansion data: validate relevance before publishing.
hyip investment website,20,55,8.27,MEDIUM,informational,Rising,related,HYIP monitor,2026-09-12 15:36:46 +00:00,Maybe,Expansion data: validate relevance before publishing.
h-metrics,20,11,,LOW,informational,Stable,related,HYIP reviews,2026-09-14 07:49:48 +00:00,Maybe,Expansion data: validate relevance before publishing.
defi passive income,20,0,,LOW,informational,Falling,,,2026-09-15 15:27:20 +00:00,Maybe,
procash login,20,5,,LOW,navigational,Rising,,,2026-09-16 22:41:30 +00:00,Maybe,
high yield investment platforms,10,,2.18,MEDIUM,commercial,Stable,related,high yield investment platforms,2026-09-13 10:56:59 +00:00,Yes,Expansion data: validate relevance before publishing.
passive income crypto reddit,10,19,,,informational,Falling,related,passive income crypto,2026-09-15 03:51:53 +00:00,Maybe,Expansion data: validate relevance before publishing.
passive income crypto mining,10,47,,,commercial,Falling,related,passive income crypto,2026-09-14 07:16:53 +00:00,Yes,Expansion data: validate relevance before publishing.
7 ways to generate passive income with crypto,10,,,,informational,Falling,related,passive income crypto,2026-09-13 06:44:17 +00:00,Maybe,Expansion data: validate relevance before publishing.
passive income crypto staking,10,43,,LOW,commercial,Falling,related,passive income crypto,2026-09-16 07:29:02 +00:00,Yes,Expansion data: validate relevance before publishing.
crypto mining passive income reddit,10,,,,informational,Falling,related,passive income crypto,2026-09-13 16:51:40 +00:00,Maybe,Expansion data: validate relevance before publishing.
how to make money with crypto reddit,10,0,,LOW,informational,Falling,related,passive income crypto,2026-09-14 17:51:33 +00:00,Maybe,Expansion data: validate relevance before publishing.
best defi projects for passive income,10,23,,,commercial,Falling,related,passive income crypto,2026-09-12 05:42:18 +00:00,Yes,Expansion data: validate relevance before publishing.
crypto passive income platforms,10,,3.08,LOW,commercial,Stable,related,passive income crypto,2026-09-12 02:11:48 +00:00,Yes,Expansion data: validate relevance before publishing.
passive crypto mining apps,10,5,13.06,HIGH,commercial,Stable,related,passive income crypto,2026-09-12 16:53:39 +00:00,Yes,Expansion data: validate relevance before publishing.
crypto passive income reddit,10,19,,LOW,informational,Falling,related,passive income crypto,2026-09-16 10:46:44 +00:00,Maybe,Expansion data: validate relevance before publishing.
best passive income crypto projects,10,16,,,commercial,Falling,related,passive income crypto,2026-09-14 04:44:25 +00:00,Yes,Expansion data: validate relevance before publishing.
best passive income crypto 2022,10,43,,,commercial,Falling,related,passive income crypto,2026-09-12 19:25:36 +00:00,Yes,Expansion data: validate relevance before publishing.
crypto passive income 2023,10,,,,informational,Falling,related,passive income crypto,2026-09-13 00:34:46 +00:00,Maybe,Expansion data: validate relevance before publishing.
best crypto staking coins,10,45,,,commercial,Falling,related,passive income crypto,2026-09-12 17:58:03 +00:00,Yes,Expansion data: validate relevance before publishing.
how to make money in crypto without money for free,10,,,LOW,informational,Stable,related,passive income crypto,2026-09-15 04:38:06 +00:00,Maybe,Expansion data: validate relevance before publishing.
highest apy crypto staking coinbase,10,,,LOW,commercial,Stable,related,passive income crypto,2026-09-16 08:29:35 +00:00,Yes,Expansion data: validate relevance before publishing.
best crypto passive income,10,47,,,commercial,Stable,related,passive income crypto,2026-09-12 23:02:23 +00:00,Yes,Expansion data: validate relevance before publishing.
10k per month passive income,10,,,,commercial,Stable,related,passive income crypto,2026-09-17 15:13:42 +00:00,Yes,Expansion data: validate relevance before publishing.
binance passive income reddit,10,,,,informational,Falling,related,passive income crypto,2026-09-12 16:34:17 +00:00,Maybe,Expansion data: validate relevance before publishing.
how to make money with cryptocurrency reddit,10,28,,,informational,Stable,related,passive income crypto,2026-09-16 15:49:33 +00:00,Maybe,Expansion data: validate relevance before publishing.
crypto nodes that pay reddit,10,,,,informational,Falling,related,passive income crypto,2026-09-14 10:16:08 +00:00,Maybe,Expansion data: validate relevance before publishing.
how fast can you make money with cryptocurrency,10,69,,LOW,informational,Stable,related,passive income crypto,2026-09-14 09:02:38 +00:00,Maybe,Expansion data: validate relevance before publishing.
best way to make money with cryptocurrency,10,,1.04,LOW,commercial,Stable,related,passive income crypto,2026-09-12 21:20:39 +00:00,Yes,Expansion data: validate relevance before publishing.
crypto success stories reddit,10,1,,LOW,informational,Stable,related,passive income crypto,2026-09-13 18:22:50 +00:00,Maybe,Expansion data: validate relevance before publishing.
made a million in crypto reddit,10,,,,informational,Falling,related,passive income crypto,2026-09-16 03:24:15 +00:00,Maybe,Expansion data: validate relevance before publishing.
osmosis crypto price prediction,10,1,,LOW,informational,Stable,related,passive income crypto,2026-09-14 09:37:38 +00:00,Maybe,Expansion data: validate relevance before publishing.
osmosis crypto news,10,12,,LOW,informational,Falling,related,passive income crypto,2026-09-14 07:48:37 +00:00,Maybe,Expansion data: validate relevance before publishing.
osmosis crypto reddit,10,19,,LOW,informational,Stable,related,passive income crypto,2026-09-13 23:40:18 +00:00,Maybe,Expansion data: validate relevance before publishing.
is osmosis crypto a good investment,10,,,,commercial,Falling,related,passive income crypto,2026-09-17 18:18:50 +00:00,Yes,Expansion data: validate relevance before publishing.
osmosis crypto wallet,10,,,HIGH,transactional,Stable,related,passive income crypto,2026-09-17 04:34:59 +00:00,Yes,Expansion data: validate relevance before publishing.
best crypto interest account,10,35,,LOW,commercial,Stable,related,passive income crypto,2026-09-15 21:16:38 +00:00,Yes,Expansion data: validate relevance before publishing.
best apy crypto reddit,10,52,,LOW,informational,Stable,related,passive income crypto,2026-09-16 10:29:30 +00:00,Maybe,Expansion data: validate relevance before publishing.
best place to stake crypto reddit,10,19,,,commercial,Falling,related,passive income crypto,2026-09-16 08:37:52 +00:00,Yes,Expansion data: validate relevance before publishing.
best defi earning platform,10,,,,commercial,Falling,related,passive income crypto,2026-09-13 06:12:10 +00:00,Yes,Expansion data: validate relevance before publishing.
defi passive income reddit,10,53,,,informational,Rising,related,passive income crypto,2026-09-17 13:41:13 +00:00,Maybe,Expansion data: validate relevance before publishing.
where is crypto from apex,10,3,,LOW,informational,Stable,related,passive income crypto,2026-09-16 05:25:06 +00:00,Maybe,Expansion data: validate relevance before publishing.
apex legends crypto upgrades,10,,,LOW,informational,Stable,related,passive income crypto,2026-09-17 18:59:05 +00:00,Maybe,Expansion data: validate relevance before publishing.
crypto apex nationality,10,44,,LOW,navigational,Stable,related,passive income crypto,2026-09-12 17:14:54 +00:00,Maybe,Expansion data: validate relevance before publishing.
best crypto passive income reddit,10,48,,,commercial,Falling,related,passive income crypto,2026-09-13 09:32:36 +00:00,Yes,Expansion data: validate relevance before publishing.
making money with crypto reddit,10,0,,LOW,commercial,Stable,related,passive income crypto,2026-09-16 12:19:46 +00:00,Yes,Expansion data: validate relevance before publishing.
staking crypto earn passive income daily,10,,,,transactional,Falling,related,passive income crypto,2026-09-15 18:30:33 +00:00,Yes,Expansion data: validate relevance before publishing.
best crypto dividends,10,54,,LOW,commercial,Stable,related,passive income crypto,2026-09-12 11:58:08 +00:00,Yes,Expansion data: validate relevance before publishing.
passive income crypto nodes,10,8,,,commercial,Falling,related,passive income crypto,2026-09-12 20:44:52 +00:00,Yes,Expansion data: validate relevance before publishing.
best passive income cryptocurrency,10,47,,,commercial,Stable,related,passive income crypto,2026-09-16 19:50:49 +00:00,Yes,Expansion data: validate relevance before publishing.
crypto passive income system,10,48,,HIGH,commercial,Stable,related,passive income crypto,2026-09-17 20:06:45 +00:00,Yes,Expansion data: validate relevance before publishing.
crypto staking calculator free,10,,,LOW,informational,Stable,related,passive income crypto,2026-09-17 01:22:57 +00:00,Maybe,Expansion data: validate relevance before publishing.
best crypto staking calculator,10,,,,commercial,Falling,related,passive income crypto,2026-09-16 23:26:03 +00:00,Yes,Expansion data: validate relevance before publishing.
compound staking calculator,10,53,,LOW,informational,Stable,related,passive income crypto,2026-09-16 13:44:17 +00:00,Maybe,Expansion data: validate relevance before publishing.
highest apy crypto staking reddit,10,0,,LOW,informational,Stable,related,passive income crypto,2026-09-16 17:21:59 +00:00,Maybe,Expansion data: validate relevance before publishing.
highest apy crypto staking binance,10,7,,LOW,commercial,Stable,related,passive income crypto,2026-09-12 04:20:42 +00:00,Yes,Expansion data: validate relevance before publishing.
highest staking rewards on coinbase,10,,,LOW,commercial,Stable,related,passive income crypto,2026-09-14 04:54:47 +00:00,Yes,Expansion data: validate relevance before publishing.
crypto staking companies,10,74,,LOW,commercial,Stable,related,passive income crypto,2026-09-16 10:23:58 +00:00,Yes,Expansion data: validate relevance before publishing.
exodus staking calculator,10,45,,LOW,informational,Stable,related,passive income crypto,2026-09-12 13:15:53 +00:00,Maybe,Expansion data: validate relevance before publishing.
is staking crypto worth it reddit,10,6,,LOW,informational,Falling,related,passive income crypto,2026-09-14 08:02:06 +00:00,Maybe,Expansion data: validate relevance before publishing.
crypto staking rewards calculator,10,62,,LOW,informational,Stable,related,passive income crypto,2026-09-17 15:04:20 +00:00,Maybe,Expansion data: validate relevance before publishing.
best staking rewards calculator,10,,,,commercial,Falling,related,passive income crypto,2026-09-16 10:13:49 +00:00,Yes,Expansion data: validate relevance before publishing.
ledger staking rewards,10,58,,LOW,commercial,Stable,related,passive income crypto,2026-09-15 19:23:42 +00:00,Yes,Expansion data: validate relevance before publishing.
make $500 a day trading cryptocurrency,10,3,,LOW,transactional,Stable,related,passive income crypto,2026-09-13 13:01:19 +00:00,Yes,Expansion data: validate relevance before publishing.
make $10 a day trading cryptocurrency,10,,,LOW,transactional,Stable,related,passive income crypto,2026-09-17 09:26:39 +00:00,Yes,Expansion data: validate relevance before publishing.
how to make $100 a day on coinbase,10,2,,LOW,informational,Falling,related,passive income crypto,2026-09-12 12:17:57 +00:00,Maybe,Expansion data: validate relevance before publishing.
learn and earn crypto for free app,10,,,MEDIUM,transactional,Falling,related,passive income crypto,2026-09-13 13:23:34 +00:00,Yes,Expansion data: validate relevance before publishing.
coinbase staking rates chart,10,,,LOW,informational,Falling,related,passive income crypto,2026-09-15 10:06:08 +00:00,Maybe,Expansion data: validate relevance before publishing.
coinbase staking payout frequency,10,,,LOW,commercial,Stable,related,passive income crypto,2026-09-12 18:43:49 +00:00,Yes,Expansion data: validate relevance before publishing.
staking coinbase reddit,10,3,,LOW,informational,Falling,related,passive income crypto,2026-09-17 18:56:59 +00:00,Maybe,Expansion data: validate relevance before publishing.
coinbase learn and earn reddit,10,39,,LOW,informational,Stable,related,passive income crypto,2026-09-14 22:49:12 +00:00,Maybe,Expansion data: validate relevance before publishing.
coinbase learn and earn answers,10,10,,LOW,navigational,Falling,related,passive income crypto,2026-09-15 09:55:17 +00:00,Maybe,Expansion data: validate relevance before publishing.
coinbase learn and earn app,10,,,LOW,informational,Stable,related,passive income crypto,2026-09-16 10:47:07 +00:00,Maybe,Expansion data: validate relevance before publishing.
coinbase learn and earn 2026,10,,7.28,LOW,commercial,Rising,related,passive income crypto,2026-09-17 12:06:03 +00:00,Yes,Expansion data: validate relevance before publishing.
coinbase learn and earn gone,10,,,,navigational,Stable,related,passive income crypto,2026-09-13 07:13:49 +00:00,Maybe,Expansion data: validate relevance before publishing.
top passive income crypto,10,,,,commercial,Falling,suggestion,passive income crypto,2026-09-16 11:24:53 +00:00,Yes,Expansion data: validate relevance before publishing.
reddit passive income crypto,10,19,,LOW,informational,Rising,suggestion,passive income crypto,2026-09-17 23:59:48 +00:00,Maybe,Expansion data: validate relevance before publishing.
crypto lending passive income,10,,,,commercial,Falling,suggestion,passive income crypto,2026-09-16 05:10:56 +00:00,Yes,Expansion data: validate relevance before publishing.
passive income nodes crypto,10,8,,LOW,commercial,New/Rising,suggestion,passive income crypto,2026-09-17 11:34:17 +00:00,Yes,Expansion data: validate relevance before publishing.
passive income staking crypto,10,43,,LOW,commercial,Stable,suggestion,passive income crypto,2026-09-17 21:56:55 +00:00,Yes,Expansion data: validate relevance before publishing.
earn passive income staking crypto,10,,,,transactional,Falling,suggestion,passive income crypto,2026-09-14 18:51:38 +00:00,Yes,Expansion data: validate relevance before publishing.
what is passive income in crypto,10,,,,informational,Falling,suggestion,passive income crypto,2026-09-13 14:39:38 +00:00,Maybe,Expansion data: validate relevance before publishing.
best crypto for passive income reddit,10,48,,,commercial,Falling,suggestion,passive income crypto,2026-09-14 06:08:58 +00:00,Yes,Expansion data: validate relevance before publishing.
ways to earn passive income crypto,10,,,,informational,Falling,suggestion,passive income crypto,2026-09-17 13:12:45 +00:00,Maybe,Expansion data: validate relevance before publishing.
best crypto to earn passive income,10,54,,LOW,commercial,Stable,suggestion,passive income crypto,2026-09-14 22:58:00 +00:00,Yes,Expansion data: validate relevance before publishing.
crypto passive income strategies,10,,,LOW,informational,Stable,suggestion,passive income crypto,2026-09-14 00:43:43 +00:00,Maybe,Expansion data: validate relevance before publishing.
earn passive income crypto,10,19,,,commercial,Falling,suggestion,passive income crypto,2026-09-14 22:40:24 +00:00,Yes,Expansion data: validate relevance before publishing.
crypto passive income staking,10,43,,,commercial,Falling,suggestion,passive income crypto,2026-09-14 18:35:46 +00:00,Yes,Expansion data: validate relevance before publishing.
passive income defi crypto,10,,,,commercial,Falling,suggestion,passive income crypto,2026-09-13 18:28:33 +00:00,Yes,Expansion data: validate relevance before publishing.
crypto passive income for beginners,10,,,,commercial,Falling,suggestion,passive income crypto,2026-09-16 12:21:21 +00:00,Yes,Expansion data: validate relevance before publishing.
crypto phil passive income,10,,,,commercial,New/Rising,suggestion,passive income crypto,2026-09-17 04:25:22 +00:00,Yes,Expansion data: validate relevance before publishing.
best way to earn passive income crypto,10,,,,commercial,Falling,suggestion,passive income crypto,2026-09-17 12:04:58 +00:00,Yes,Expansion data: validate relevance before publishing.
what is passive income crypto,10,,,,informational,Falling,suggestion,passive income crypto,2026-09-14 01:11:54 +00:00,Maybe,Expansion data: validate relevance before publishing.
earn passive income from crypto,10,19,,,transactional,Stable,suggestion,passive income crypto,2026-09-17 17:56:41 +00:00,Yes,Expansion data: validate relevance before publishing.
passive income crypto node,10,8,,,commercial,Falling,suggestion,passive income crypto,2026-09-12 06:21:06 +00:00,Yes,Expansion data: validate relevance before publishing.
passive income crypto 2021,10,57,,,commercial,Falling,suggestion,passive income crypto,2026-09-15 05:51:48 +00:00,Yes,Expansion data: validate relevance before publishing.
ways to make passive income with crypto,10,60,,LOW,informational,Stable,suggestion,passive income crypto,2026-09-15 09:31:10 +00:00,Maybe,Expansion data: validate relevance before publishing.
best passive income crypto reddit,10,48,,,informational,Falling,suggestion,passive income crypto,2026-09-16 07:02:45 +00:00,Maybe,Expansion data: validate relevance before publishing.
top crypto passive income,10,,,,commercial,Falling,suggestion,passive income crypto,2026-09-15 09:23:51 +00:00,Yes,Expansion data: validate relevance before publishing.
passive income using crypto,10,,,LOW,informational,Rising,suggestion,passive income crypto,2026-09-14 04:13:25 +00:00,Maybe,Expansion data: validate relevance before publishing.
safe passive income crypto,10,,,,commercial,Falling,suggestion,passive income crypto,2026-09-16 21:00:25 +00:00,Yes,Expansion data: validate relevance before publishing.
crypto bot passive income,10,,,,commercial,Falling,suggestion,passive income crypto,2026-09-16 15:26:59 +00:00,Yes,Expansion data: validate relevance before publishing.
how to earn passive income in crypto,10,,,,informational,Falling,suggestion,passive income crypto,2026-09-14 00:45:26 +00:00,Maybe,Expansion data: validate relevance before publishing.
reddit crypto passive income,10,19,,,informational,Falling,suggestion,passive income crypto,2026-09-13 20:14:27 +00:00,Maybe,Expansion data: validate relevance before publishing.
passive income ideas crypto,10,,,,informational,Rising,suggestion,passive income crypto,2026-09-13 15:27:29 +00:00,Maybe,Expansion data: validate relevance before publishing.
best passive income from crypto,10,47,,LOW,commercial,Rising,suggestion,passive income crypto,2026-09-15 00:14:38 +00:00,Yes,Expansion data: validate relevance before publishing.
how to make a passive income with crypto,10,19,,,informational,Falling,suggestion,passive income crypto,2026-09-14 05:57:03 +00:00,Maybe,Expansion data: validate relevance before publishing.
passive income like crypto mining,10,,,LOW,informational,Rising,suggestion,passive income crypto,2026-09-15 19:09:37 +00:00,Maybe,Expansion data: validate relevance before publishing.
crypto passive income opportunities,10,,,,commercial,Stable,suggestion,passive income crypto,2026-09-16 02:07:51 +00:00,Yes,Expansion data: validate relevance before publishing.
best ways to earn passive income with crypto,10,,,LOW,commercial,Stable,suggestion,passive income crypto,2026-09-13 07:59:42 +00:00,Yes,Expansion data: validate relevance before publishing.
passive income with crypto nodes,10,8,,,commercial,Falling,suggestion,passive income crypto,2026-09-16 11:50:26 +00:00,Yes,Expansion data: validate relevance before publishing.
crypto passive income projects,10,,,,commercial,Rising,suggestion,passive income crypto,2026-09-14 21:55:36 +00:00,Yes,Expansion data: validate relevance before publishing.
best way to earn passive income with crypto,10,48,,LOW,commercial,Stable,suggestion,passive income crypto,2026-09-12 09:37:27 +00:00,Yes,Expansion data: validate relevance before publishing.
crypto com passive income,10,44,,,commercial,Falling,suggestion,passive income crypto,2026-09-12 20:25:34 +00:00,Yes,Expansion data: validate relevance before publishing.
passive crypto income reddit,10,19,,,informational,Falling,suggestion,passive income crypto,2026-09-17 14:12:46 +00:00,Maybe,Expansion data: validate relevance before publishing.
how to build a passive income stream with crypto staking,10,,,,informational,Falling,suggestion,passive income crypto,2026-09-17 09:35:38 +00:00,Maybe,Expansion data: validate relevance before publishing.
how to get passive income with crypto,10,,,,informational,Falling,suggestion,passive income crypto,2026-09-15 20:52:36 +00:00,Maybe,Expansion data: validate relevance before publishing.
how to make passive income on crypto,10,19,,MEDIUM,informational,Rising,suggestion,passive income crypto,2026-09-13 09:11:40 +00:00,Maybe,Expansion data: validate relevance before publishing.
passive income through crypto,10,,,,commercial,Falling,suggestion,passive income crypto,2026-09-15 11:07:35 +00:00,Yes,Expansion data: validate relevance before publishing.
passive income crypto coins,10,,,,commercial,Falling,suggestion,passive income crypto,2026-09-14 22:02:10 +00:00,Yes,Expansion data: validate relevance before publishing.
passive income crypto projects,10,21,,,commercial,Stable,suggestion,passive income crypto,2026-09-13 13:43:07 +00:00,Yes,Expansion data: validate relevance before publishing.
passive income crypto apps,10,,,LOW,commercial,Stable,suggestion,passive income crypto,2026-09-17 09:41:32 +00:00,Yes,Expansion data: validate relevance before publishing.
crypto staking passive income,10,43,,LOW,commercial,Rising,suggestion,passive income crypto,2026-09-13 22:09:36 +00:00,Yes,Expansion data: validate relevance before publishing.
passive income crypto 2024,10,,,,informational,Falling,suggestion,passive income crypto,2026-09-15 13:04:09 +00:00,Maybe,Expansion data: validate relevance before publishing.
how to make passive income in crypto,10,19,,LOW,informational,Stable,suggestion,passive income crypto,2026-09-16 06:12:54 +00:00,Maybe,Expansion data: validate relevance before publishing.
how to earn passive income from crypto,10,,,LOW,informational,Falling,suggestion,passive income crypto,2026-09-14 01:26:34 +00:00,Maybe,Expansion data: validate relevance before publishing.
how to get passive income from crypto,10,,,MEDIUM,informational,Stable,suggestion,passive income crypto,2026-09-16 02:38:53 +00:00,Maybe,Expansion data: validate relevance before publishing.
i found the best crypto passive income,10,,,,commercial,Falling,suggestion,passive income crypto,2026-09-14 10:38:38 +00:00,Yes,Expansion data: validate relevance before publishing.
nodes crypto passive income,10,8,,,commercial,Stable,suggestion,passive income crypto,2026-09-13 15:49:53 +00:00,Yes,Expansion data: validate relevance before publishing.
crypto bots passive income,10,,,,commercial,Falling,suggestion,passive income crypto,2026-09-16 12:45:18 +00:00,Yes,Expansion data: validate relevance before publishing.
how to make passive income crypto,10,19,,,informational,Falling,suggestion,passive income crypto,2026-09-17 13:02:57 +00:00,Maybe,Expansion data: validate relevance before publishing.
how to create passive income with crypto,10,,,,informational,Falling,suggestion,passive income crypto,2026-09-15 04:23:52 +00:00,Maybe,Expansion data: validate relevance before publishing.
passive income crypto trading,10,,,,commercial,Falling,suggestion,passive income crypto,2026-09-14 00:04:20 +00:00,Yes,Expansion data: validate relevance before publishing.
passive income with crypto reddit,10,19,,,informational,Falling,suggestion,passive income crypto,2026-09-15 16:44:10 +00:00,Maybe,Expansion data: validate relevance before publishing.
what is crypto passive income,10,,,,informational,Falling,suggestion,passive income crypto,2026-09-17 09:58:37 +00:00,Maybe,Expansion data: validate relevance before publishing.
passive income crypto bot,10,,,,commercial,Falling,suggestion,passive income crypto,2026-09-15 09:37:30 +00:00,Yes,Expansion data: validate relevance before publishing.
staking crypto for passive income,10,43,,LOW,transactional,Falling,suggestion,passive income crypto,2026-09-15 23:42:52 +00:00,Yes,Expansion data: validate relevance before publishing.
how to make passive income off crypto,10,,,,informational,Falling,suggestion,passive income crypto,2026-09-17 01:02:26 +00:00,Maybe,Expansion data: validate relevance before publishing.
drip passive income crypto,10,,,,commercial,Falling,suggestion,passive income crypto,2026-09-16 16:18:19 +00:00,Yes,Expansion data: validate relevance before publishing.
best crypto nodes for passive income,10,49,,,commercial,Rising,suggestion,passive income crypto,2026-09-13 01:29:46 +00:00,Yes,Expansion data: validate relevance before publishing.
passive income crypto com,10,,,LOW,commercial,Rising,suggestion,passive income crypto,2026-09-15 10:11:05 +00:00,Yes,Expansion data: validate relevance before publishing.
best passive income in crypto,10,47,,,commercial,Falling,suggestion,passive income crypto,2026-09-17 05:02:09 +00:00,Yes,Expansion data: validate relevance before publishing.
is crypto mining passive income,10,2,,LOW,informational,Falling,suggestion,passive income crypto,2026-09-14 12:22:45 +00:00,Maybe,Expansion data: validate relevance before publishing.
best way to make passive income with crypto,10,57,,LOW,commercial,Stable,suggestion,passive income crypto,2026-09-14 20:14:26 +00:00,Yes,Expansion data: validate relevance before publishing.
make passive income crypto,10,50,,,commercial,Falling,suggestion,passive income crypto,2026-09-14 05:44:00 +00:00,Yes,Expansion data: validate relevance before publishing.
passive income with crypto staking,10,43,,,commercial,Falling,suggestion,passive income crypto,2026-09-17 05:46:27 +00:00,Yes,Expansion data: validate relevance before publishing.
crypto passive income calculator,10,77,,,informational,Falling,suggestion,passive income crypto,2026-09-12 07:33:59 +00:00,Maybe,Expansion data: validate relevance before publishing.
earn passive income on crypto,10,19,,,commercial,Rising,suggestion,passive income crypto,2026-09-14 00:32:03 +00:00,Yes,Expansion data: validate relevance before publishing.
how to make passive income through crypto,10,,,,informational,Falling,suggestion,passive income crypto,2026-09-16 01:02:01 +00:00,Maybe,Expansion data: validate relevance before publishing.
make passive income from crypto,10,50,,,commercial,Falling,suggestion,passive income crypto,2026-09-15 15:11:41 +00:00,Yes,Expansion data: validate relevance before publishing.
passive income in crypto memefi,10,,,,informational,Falling,suggestion,passive income crypto,2026-09-16 19:42:57 +00:00,Maybe,Expansion data: validate relevance before publishing.
crypto for passive income,10,8,,,commercial,Stable,suggestion,passive income crypto,2026-09-12 20:19:27 +00:00,Yes,Expansion data: validate relevance before publishing.
best crypto passive income projects,10,16,,,commercial,Falling,suggestion,passive income crypto,2026-09-15 03:36:46 +00:00,Yes,Expansion data: validate relevance before publishing.
best passive income crypto platforms,10,,,,commercial,Falling,suggestion,passive income crypto,2026-09-13 03:01:55 +00:00,Yes,Expansion data: validate relevance before publishing.
best way to make passive income in crypto,10,57,,,commercial,Falling,suggestion,passive income crypto,2026-09-15 04:55:09 +00:00,Yes,Expansion data: validate relevance before publishing.
how to earn passive income on crypto,10,,,,informational,Stable,suggestion,passive income crypto,2026-09-12 11:41:38 +00:00,Maybe,Expansion data: validate relevance before publishing.
crypto passive income strategy,10,,,LOW,informational,Stable,suggestion,passive income crypto,2026-09-15 17:50:35 +00:00,Maybe,Expansion data: validate relevance before publishing.
crypto defi passive income,10,,,,commercial,Stable,suggestion,passive income crypto,2026-09-14 04:02:42 +00:00,Yes,Expansion data: validate relevance before publishing.
earn passive income in crypto,10,19,,,commercial,New/Rising,suggestion,passive income crypto,2026-09-16 19:25:33 +00:00,Yes,Expansion data: validate relevance before publishing.
best crypto to stake for passive income,10,75,,LOW,commercial,Stable,suggestion,passive income crypto,2026-09-16 16:42:38 +00:00,Yes,Expansion data: validate relevance before publishing.
best crypto for passive income,10,47,,LOW,commercial,Stable,suggestion,passive income crypto,2026-09-15 09:27:48 +00:00,Yes,Expansion data: validate relevance before publishing.
earning passive income with crypto,10,19,,LOW,informational,Falling,suggestion,passive income crypto,2026-09-14 01:36:03 +00:00,Maybe,Expansion data: validate relevance before publishing.
sunny mining crypto passive income,10,,,,commercial,Falling,suggestion,passive income crypto,2026-09-17 22:39:56 +00:00,Yes,Expansion data: validate relevance before publishing.
best passive crypto income,10,47,,,commercial,Falling,suggestion,passive income crypto,2026-09-16 09:33:28 +00:00,Yes,Expansion data: validate relevance before publishing.
is crypto a passive income,10,1,,,informational,Stable,suggestion,passive income crypto,2026-09-12 12:27:51 +00:00,Maybe,Expansion data: validate relevance before publishing.
crypto nodes for passive income,10,8,,,commercial,Falling,suggestion,passive income crypto,2026-09-17 19:26:37 +00:00,Yes,Expansion data: validate relevance before publishing.
how to make passive income staking crypto,10,,,,informational,Falling,suggestion,passive income crypto,2026-09-12 15:25:39 +00:00,Maybe,Expansion data: validate relevance before publishing.
passive income on crypto,10,8,13.08,LOW,informational,Stable,suggestion,passive income crypto,2026-09-15 12:39:56 +00:00,Maybe,Expansion data: validate relevance before publishing.
crypto passive income nodes,10,8,,,commercial,Falling,suggestion,passive income crypto,2026-09-13 10:52:04 +00:00,Yes,Expansion data: validate relevance before publishing.
passive income crypto invest,10,,,,commercial,Falling,suggestion,passive income crypto,2026-09-12 03:05:10 +00:00,Yes,Expansion data: validate relevance before publishing.
staking crypto passive income,10,43,,,commercial,Falling,suggestion,passive income crypto,2026-09-16 08:48:44 +00:00,Yes,Expansion data: validate relevance before publishing.
crypto earn passive income,10,19,,LOW,informational,Rising,suggestion,passive income crypto,2026-09-14 22:19:35 +00:00,Maybe,Expansion data: validate relevance before publishing.
best passive income with crypto,10,47,,,commercial,Falling,suggestion,passive income crypto,2026-09-12 13:12:10 +00:00,Yes,Expansion data: validate relevance before publishing.
passive income mining crypto,10,47,,,informational,Stable,suggestion,passive income crypto,2026-09-12 01:08:37 +00:00,Maybe,Expansion data: validate relevance before publishing.
crypto passive income 2024,10,,,,informational,Falling,suggestion,passive income crypto,2026-09-12 16:33:57 +00:00,Maybe,Expansion data: validate relevance before publishing.
making passive income with crypto,10,50,,,informational,Stable,suggestion,passive income crypto,2026-09-15 20:43:55 +00:00,Maybe,Expansion data: validate relevance before publishing.
passive income crypto games,10,,,,commercial,Falling,suggestion,passive income crypto,2026-09-16 12:15:27 +00:00,Yes,Expansion data: validate relevance before publishing.
make passive income with crypto,10,50,,,commercial,Stable,suggestion,passive income crypto,2026-09-16 14:53:54 +00:00,Yes,Expansion data: validate relevance before publishing.
stake crypto passive income,10,43,,,commercial,Falling,suggestion,passive income crypto,2026-09-16 17:55:34 +00:00,Yes,Expansion data: validate relevance before publishing.
passive income in crypto,10,8,,,informational,Falling,suggestion,passive income crypto,2026-09-15 21:03:06 +00:00,Maybe,Expansion data: validate relevance before publishing.
crypto mining passive income,10,47,,LOW,commercial,Stable,suggestion,passive income crypto,2026-09-15 14:30:48 +00:00,Yes,Expansion data: validate relevance before publishing.
earn passive income with crypto,10,19,,LOW,commercial,Falling,suggestion,passive income crypto,2026-09-12 19:36:41 +00:00,Yes,Expansion data: validate relevance before publishing.
best crypto exchange for passive income,10,,,LOW,commercial,New/Rising,suggestion,passive income crypto,2026-09-15 16:19:17 +00:00,Yes,Expansion data: validate relevance before publishing.
crypto games passive income,10,,,,commercial,Falling,suggestion,passive income crypto,2026-09-16 06:32:30 +00:00,Yes,Expansion data: validate relevance before publishing.
crypto passive income 2025,10,,,,informational,Falling,suggestion,passive income crypto,2026-09-16 01:30:29 +00:00,Maybe,Expansion data: validate relevance before publishing.
defi crypto passive income,10,,,,informational,Falling,suggestion,passive income crypto,2026-09-16 06:22:57 +00:00,Maybe,Expansion data: validate relevance before publishing.
earn crypto passive income,10,19,,,commercial,Stable,suggestion,passive income crypto,2026-09-17 02:57:22 +00:00,Yes,Expansion data: validate relevance before publishing.
how to earn passive income through crypto,10,,,LOW,informational,Rising,suggestion,passive income crypto,2026-09-16 08:53:21 +00:00,Maybe,Expansion data: validate relevance before publishing.
is crypto passive income,10,1,,LOW,informational,Stable,suggestion,passive income crypto,2026-09-15 23:49:43 +00:00,Maybe,Expansion data: validate relevance before publishing.
how to generate passive income with crypto,10,,,,informational,Falling,suggestion,passive income crypto,2026-09-16 15:27:49 +00:00,Maybe,Expansion data: validate relevance before publishing.
passive income with crypto com,10,,,,commercial,Falling,suggestion,passive income crypto,2026-09-12 14:23:34 +00:00,Yes,Expansion data: validate relevance before publishing.
how to make passive income from crypto,10,19,,,informational,Falling,suggestion,passive income crypto,2026-09-13 02:36:48 +00:00,Maybe,Expansion data: validate relevance before publishing.
best passive income crypto nodes,10,49,,,commercial,Falling,suggestion,passive income crypto,2026-09-16 03:59:44 +00:00,Yes,Expansion data: validate relevance before publishing.
passive income from crypto,10,8,,LOW,informational,Stable,suggestion,passive income crypto,2026-09-16 23:13:29 +00:00,Maybe,Expansion data: validate relevance before publishing.
crypto yield platforms,10,,,MEDIUM,commercial,Stable,related,crypto yield platforms,2026-09-13 09:03:33 +00:00,Yes,Expansion data: validate relevance before publishing.
yield farming crypto platforms,10,64,,,commercial,Stable,suggestion,crypto yield platforms,2026-09-13 07:17:06 +00:00,Yes,Expansion data: validate relevance before publishing.
best yield farming crypto platforms,10,9,,LOW,commercial,Stable,suggestion,crypto yield platforms,2026-09-17 07:31:54 +00:00,Yes,Expansion data: validate relevance before publishing.
yield farming platforms crypto,10,64,,,commercial,Falling,suggestion,crypto yield platforms,2026-09-17 06:38:19 +00:00,Yes,Expansion data: validate relevance before publishing.
best crypto staking apps,10,34,,LOW,commercial,Stable,related,crypto staking platforms,2026-09-16 16:32:37 +00:00,Yes,Expansion data: validate relevance before publishing.
best crypto staking app,10,34,,LOW,commercial,Stable,related,crypto staking platforms,2026-09-17 10:29:26 +00:00,Yes,Expansion data: validate relevance before publishing.
best staking crypto 2022,10,49,,,commercial,Falling,related,crypto staking platforms,2026-09-12 22:33:41 +00:00,Yes,Expansion data: validate relevance before publishing.
best crypto staking platform 2022,10,23,,,commercial,Falling,related,crypto staking platforms,2026-09-14 21:27:57 +00:00,Yes,Expansion data: validate relevance before publishing.
crypto staking ranking,10,55,,,informational,Falling,related,crypto staking platforms,2026-09-15 12:28:43 +00:00,Maybe,Expansion data: validate relevance before publishing.
best stablecoin staking platform,10,59,,,commercial,Falling,related,crypto staking platforms,2026-09-13 19:38:51 +00:00,Yes,Expansion data: validate relevance before publishing.
exodus staking reddit,10,,,,informational,Falling,related,crypto staking platforms,2026-09-12 10:18:34 +00:00,Maybe,Expansion data: validate relevance before publishing.
exodus rewards app,10,,,,commercial,Falling,related,crypto staking platforms,2026-09-17 13:37:25 +00:00,Yes,Expansion data: validate relevance before publishing.
is staking on exodus safe,10,30,,LOW,informational,Falling,related,crypto staking platforms,2026-09-15 07:44:48 +00:00,Maybe,Expansion data: validate relevance before publishing.
metamask staking rewards,10,45,,LOW,informational,Stable,related,crypto staking platforms,2026-09-15 16:22:14 +00:00,Maybe,Expansion data: validate relevance before publishing.
reddit crypto staking,10,6,,LOW,informational,Stable,related,crypto staking platforms,2026-09-14 03:01:57 +00:00,Maybe,Expansion data: validate relevance before publishing.
best crypto staking platform reddit,10,53,,,commercial,Falling,related,crypto staking platforms,2026-09-15 06:53:03 +00:00,Yes,Expansion data: validate relevance before publishing.
best crypto staking pools,10,57,,HIGH,commercial,Falling,related,crypto staking platforms,2026-09-12 05:39:30 +00:00,Yes,Expansion data: validate relevance before publishing.
binance staking calculator,10,12,,,informational,Falling,related,crypto staking platforms,2026-09-17 07:11:13 +00:00,Maybe,Expansion data: validate relevance before publishing.
binance staking rewards,10,23,,LOW,informational,Stable,related,crypto staking platforms,2026-09-13 15:00:49 +00:00,Maybe,Expansion data: validate relevance before publishing.
coinbase staking list,10,26,,LOW,informational,Stable,related,crypto staking platforms,2026-09-14 04:31:08 +00:00,Maybe,Expansion data: validate relevance before publishing.
is coinbase staking portfolio legit,10,,,LOW,commercial,Rising,related,crypto staking platforms,2026-09-17 14:04:29 +00:00,Yes,Expansion data: validate relevance before publishing.
best liquid staking crypto,10,,,,commercial,Falling,related,crypto staking platforms,2026-09-15 02:09:21 +00:00,Yes,Expansion data: validate relevance before publishing.
liquid staking tokens list,10,,,LOW,informational,Falling,related,crypto staking platforms,2026-09-12 15:35:33 +00:00,Maybe,Expansion data: validate relevance before publishing.
liquid staking vs staking,10,,,,informational,Stable,related,crypto staking platforms,2026-09-15 02:11:28 +00:00,Maybe,Expansion data: validate relevance before publishing.
liquid staking vs native staking,10,5,,LOW,informational,Falling,related,crypto staking platforms,2026-09-17 22:20:03 +00:00,Maybe,Expansion data: validate relevance before publishing.
lido staking reddit,10,19,,,informational,Stable,related,crypto staking platforms,2026-09-12 03:14:28 +00:00,Maybe,Expansion data: validate relevance before publishing.
lido staking calculator,10,10,,LOW,informational,Falling,related,crypto staking platforms,2026-09-12 07:25:48 +00:00,Maybe,Expansion data: validate relevance before publishing.
lido staking app,10,,,,navigational,Falling,related,crypto staking platforms,2026-09-17 14:37:03 +00:00,Maybe,Expansion data: validate relevance before publishing.
lido staking review,10,16,,,informational,Falling,related,crypto staking platforms,2026-09-15 02:10:03 +00:00,Maybe,Expansion data: validate relevance before publishing.
lido finance reddit,10,,,,informational,Falling,related,crypto staking platforms,2026-09-12 17:06:16 +00:00,Maybe,Expansion data: validate relevance before publishing.
lido finance review,10,,,,informational,Stable,related,crypto staking platforms,2026-09-12 18:26:46 +00:00,Maybe,Expansion data: validate relevance before publishing.
lido finance price prediction,10,,,,informational,Falling,related,crypto staking platforms,2026-09-13 04:56:37 +00:00,Maybe,Expansion data: validate relevance before publishing.
lido finance news,10,,,LOW,informational,Falling,related,crypto staking platforms,2026-09-14 10:52:53 +00:00,Maybe,Expansion data: validate relevance before publishing.
best crypto wallet for staking,10,74,,LOW,commercial,Falling,related,crypto staking platforms,2026-09-12 10:34:40 +00:00,Yes,Expansion data: validate relevance before publishing.
best crypto to stake reddit,10,0,,LOW,commercial,Stable,related,crypto staking platforms,2026-09-12 04:51:39 +00:00,Yes,Expansion data: validate relevance before publishing.
apy staking calculator,10,53,,LOW,informational,Falling,related,crypto staking platforms,2026-09-14 10:35:49 +00:00,Maybe,Expansion data: validate relevance before publishing.
core staking calculator,10,,,,informational,Falling,related,crypto staking platforms,2026-09-16 19:36:07 +00:00,Maybe,Expansion data: validate relevance before publishing.
axs staking calculator,10,11,,,informational,Stable,related,crypto staking platforms,2026-09-12 04:02:11 +00:00,Maybe,Expansion data: validate relevance before publishing.
defi staking calculator,10,39,,,informational,Falling,related,crypto staking platforms,2026-09-13 14:27:41 +00:00,Maybe,Expansion data: validate relevance before publishing.
stake calculator bonus,10,0,,LOW,informational,Stable,related,crypto staking platforms,2026-09-17 01:14:45 +00:00,Maybe,Expansion data: validate relevance before publishing.
stake calculator crypto,10,19,,LOW,informational,Falling,related,crypto staking platforms,2026-09-12 09:23:01 +00:00,Maybe,Expansion data: validate relevance before publishing.
stake calculator rank,10,0,,LOW,commercial,Rising,related,crypto staking platforms,2026-09-15 10:49:56 +00:00,Yes,Expansion data: validate relevance before publishing.
stake calculator monthly,10,0,,LOW,informational,Stable,related,crypto staking platforms,2026-09-14 03:44:42 +00:00,Maybe,Expansion data: validate relevance before publishing.
stake calculator mines,10,,,LOW,informational,Stable,related,crypto staking platforms,2026-09-16 21:48:22 +00:00,Maybe,Expansion data: validate relevance before publishing.
crypto staking compound interest calculator,10,48,,LOW,informational,Stable,related,crypto staking platforms,2026-09-13 00:35:40 +00:00,Maybe,Expansion data: validate relevance before publishing.
ledger staking rates chart,10,,,,informational,Falling,related,crypto staking platforms,2026-09-14 23:16:09 +00:00,Maybe,Expansion data: validate relevance before publishing.
ledger staking list,10,,,LOW,informational,Stable,related,crypto staking platforms,2026-09-15 09:10:46 +00:00,Maybe,Expansion data: validate relevance before publishing.
decentralized staking platforms,10,,,,commercial,Falling,related,crypto staking platforms,2026-09-15 19:30:09 +00:00,Yes,Expansion data: validate relevance before publishing.
staking rewards chart,10,,,,informational,Falling,related,crypto staking platforms,2026-09-17 10:55:02 +00:00,Maybe,Expansion data: validate relevance before publishing.
most staked crypto,10,63,,LOW,informational,Stable,related,crypto staking platforms,2026-09-17 19:52:33 +00:00,Maybe,Expansion data: validate relevance before publishing.
crypto staking rewards taxes,10,47,,LOW,informational,Stable,related,crypto staking platforms,2026-09-12 01:07:46 +00:00,Maybe,Expansion data: validate relevance before publishing.
exodus cosmos staking,10,,,,commercial,Falling,related,crypto staking platforms,2026-09-14 22:02:43 +00:00,Yes,Expansion data: validate relevance before publishing.
algo staking calculator,10,31,,LOW,informational,Stable,related,crypto staking platforms,2026-09-14 19:46:13 +00:00,Maybe,Expansion data: validate relevance before publishing.
exodus wallet review reddit,10,19,,LOW,informational,Falling,related,crypto staking platforms,2026-09-13 21:41:10 +00:00,Maybe,Expansion data: validate relevance before publishing.
exodus wallet review trustpilot,10,,,,commercial,Falling,related,crypto staking platforms,2026-09-17 10:50:44 +00:00,Yes,Expansion data: validate relevance before publishing.
best staking platforms crypto,10,36,,,commercial,Falling,suggestion,crypto staking platforms,2026-09-15 04:22:39 +00:00,Yes,Expansion data: validate relevance before publishing.
best staking platforms for crypto,10,36,,,commercial,Falling,suggestion,crypto staking platforms,2026-09-13 07:26:52 +00:00,Yes,Expansion data: validate relevance before publishing.
best platforms for crypto staking,10,36,,,commercial,Falling,suggestion,crypto staking platforms,2026-09-17 04:40:38 +00:00,Yes,Expansion data: validate relevance before publishing.
top 10 crypto staking platforms,10,,,,commercial,Rising,suggestion,crypto staking platforms,2026-09-12 20:04:26 +00:00,Yes,Expansion data: validate relevance before publishing.
best staking crypto platforms,10,36,0.6,MEDIUM,commercial,Stable,suggestion,crypto staking platforms,2026-09-17 07:48:03 +00:00,Yes,Expansion data: validate relevance before publishing.
staking platforms crypto,10,22,,MEDIUM,commercial,Falling,suggestion,crypto staking platforms,2026-09-13 03:16:13 +00:00,Yes,Expansion data: validate relevance before publishing.
staking platforms for crypto,10,22,18.59,LOW,commercial,Stable,suggestion,crypto staking platforms,2026-09-16 21:51:05 +00:00,Yes,Expansion data: validate relevance before publishing.
best platforms for staking crypto,10,36,,HIGH,commercial,Stable,suggestion,crypto staking platforms,2026-09-15 20:47:25 +00:00,Yes,Expansion data: validate relevance before publishing.
staking crypto platforms,10,22,,,commercial,Falling,suggestion,crypto staking platforms,2026-09-15 20:05:59 +00:00,Yes,Expansion data: validate relevance before publishing.
crypto loans without collateral reddit,10,0,,LOW,commercial,Stable,related,crypto lending platforms,2026-09-12 00:51:40 +00:00,Yes,Expansion data: validate relevance before publishing.
free crypto loans without collateral telegram,10,,,LOW,commercial,Rising,related,crypto lending platforms,2026-09-15 12:44:03 +00:00,Yes,Expansion data: validate relevance before publishing.
instant crypto loan without collateral,10,1,14.86,MEDIUM,transactional,Stable,related,crypto lending platforms,2026-09-17 05:24:59 +00:00,Yes,Expansion data: validate relevance before publishing.
instant crypto loan no credit check,10,,9.15,LOW,commercial,Rising,related,crypto lending platforms,2026-09-12 04:11:49 +00:00,Yes,Expansion data: validate relevance before publishing.
crypto loan app,10,54,24.39,MEDIUM,commercial,Falling,related,crypto lending platforms,2026-09-12 00:47:19 +00:00,Yes,Expansion data: validate relevance before publishing.
free crypto loans without collateral no credit check,10,,8.13,MEDIUM,commercial,Stable,related,crypto lending platforms,2026-09-14 04:08:25 +00:00,Yes,Expansion data: validate relevance before publishing.
free crypto loans without collateral reddit,10,,,MEDIUM,informational,Falling,related,crypto lending platforms,2026-09-15 16:46:53 +00:00,Maybe,Expansion data: validate relevance before publishing.
free crypto loans without collateral usa,10,,6.11,LOW,commercial,Rising,related,crypto lending platforms,2026-09-17 09:50:47 +00:00,Yes,Expansion data: validate relevance before publishing.
free crypto loans without collateral app,10,,8.57,MEDIUM,commercial,Rising,related,crypto lending platforms,2026-09-12 21:49:09 +00:00,Yes,Expansion data: validate relevance before publishing.
flash loan without collateral,10,,12.82,MEDIUM,commercial,Falling,related,crypto lending platforms,2026-09-17 07:41:45 +00:00,Yes,Expansion data: validate relevance before publishing.
instant crypto loan without collateral no credit check,10,,,LOW,commercial,Rising,related,crypto lending platforms,2026-09-17 20:45:57 +00:00,Yes,Expansion data: validate relevance before publishing.
best crypto loan app,10,,,,commercial,Rising,related,crypto lending platforms,2026-09-14 22:47:45 +00:00,Yes,Expansion data: validate relevance before publishing.
best lending platforms crypto,10,19,,,commercial,Falling,suggestion,crypto lending platforms,2026-09-17 08:47:28 +00:00,Yes,Expansion data: validate relevance before publishing.
list of crypto lending platforms,10,17,,LOW,informational,Rising,suggestion,crypto lending platforms,2026-09-12 20:33:26 +00:00,Maybe,Expansion data: validate relevance before publishing.
top 10 crypto lending platforms,10,,,MEDIUM,commercial,Rising,suggestion,crypto lending platforms,2026-09-13 01:59:39 +00:00,Yes,Expansion data: validate relevance before publishing.
biggest crypto lending platforms,10,32,,,commercial,Falling,suggestion,crypto lending platforms,2026-09-17 00:23:19 +00:00,Yes,Expansion data: validate relevance before publishing.
lending crypto platforms,10,30,18.73,MEDIUM,commercial,Stable,suggestion,crypto lending platforms,2026-09-13 11:41:42 +00:00,Yes,Expansion data: validate relevance before publishing.
crypto lending platforms list,10,17,,LOW,informational,Stable,suggestion,crypto lending platforms,2026-09-15 06:01:39 +00:00,Maybe,Expansion data: validate relevance before publishing.
crypto p2p lending platforms,10,,,,commercial,Falling,suggestion,crypto lending platforms,2026-09-17 19:45:03 +00:00,Yes,Expansion data: validate relevance before publishing.
top lending platforms crypto,10,24,,,commercial,Rising,suggestion,crypto lending platforms,2026-09-12 01:41:17 +00:00,Yes,Expansion data: validate relevance before publishing.
top 5 crypto lending platforms,10,,,,commercial,Falling,suggestion,crypto lending platforms,2026-09-15 22:30:05 +00:00,Yes,Expansion data: validate relevance before publishing.
defi crypto lending platforms,10,,,MEDIUM,commercial,Stable,suggestion,crypto lending platforms,2026-09-15 04:07:45 +00:00,Yes,Expansion data: validate relevance before publishing.
largest crypto lending platforms,10,,,LOW,commercial,Stable,suggestion,crypto lending platforms,2026-09-15 10:04:05 +00:00,Yes,Expansion data: validate relevance before publishing.
new crypto lending platforms,10,,,,commercial,Falling,suggestion,crypto lending platforms,2026-09-14 00:04:46 +00:00,Yes,Expansion data: validate relevance before publishing.
copy trading platforms for beginners,10,,14.9,MEDIUM,commercial,Stable,related,copy trading platforms,2026-09-13 18:19:04 +00:00,Yes,Expansion data: validate relevance before publishing.
copy trading platforms reddit,10,,,LOW,informational,Stable,related,copy trading platforms,2026-09-12 07:48:43 +00:00,Maybe,Expansion data: validate relevance before publishing.
etoro copy trading fees,10,6,12.54,LOW,informational,Stable,related,copy trading platforms,2026-09-12 19:08:24 +00:00,Maybe,Expansion data: validate relevance before publishing.
etoro copy trading strategy,10,,,,informational,Falling,related,copy trading platforms,2026-09-14 04:05:17 +00:00,Maybe,Expansion data: validate relevance before publishing.
etoro copy trading review reddit,10,52,,,commercial,Falling,related,copy trading platforms,2026-09-12 22:34:48 +00:00,Yes,Expansion data: validate relevance before publishing.
etoro copy trading minimum deposit,10,,,LOW,transactional,Stable,related,copy trading platforms,2026-09-15 10:42:05 +00:00,Yes,Expansion data: validate relevance before publishing.
best copy trading platform reddit,10,,,LOW,commercial,Stable,related,copy trading platforms,2026-09-13 11:16:16 +00:00,Yes,Expansion data: validate relevance before publishing.
best copy trading platform for crypto,10,16,15.71,MEDIUM,commercial,Rising,related,copy trading platforms,2026-09-16 19:09:25 +00:00,Yes,Expansion data: validate relevance before publishing.
best copy trading platform for futures,10,,11.62,MEDIUM,commercial,Stable,related,copy trading platforms,2026-09-15 14:48:16 +00:00,Yes,Expansion data: validate relevance before publishing.
etoro copy trader earnings,10,,,LOW,informational,Stable,related,copy trading platforms,2026-09-14 18:50:00 +00:00,Maybe,Expansion data: validate relevance before publishing.
etoro copy trading results,10,,,,informational,Stable,related,copy trading platforms,2026-09-15 15:31:35 +00:00,Maybe,Expansion data: validate relevance before publishing.
etoro overnight fee calculator,10,,,,informational,Falling,related,copy trading platforms,2026-09-16 09:27:04 +00:00,Maybe,Expansion data: validate relevance before publishing.
crypto copy trading reddit,10,52,,LOW,informational,Stable,related,copy trading platforms,2026-09-13 14:34:12 +00:00,Maybe,Expansion data: validate relevance before publishing.
best copy trading platforms 2025,10,,,,commercial,Falling,suggestion,copy trading platforms,2026-09-17 16:44:49 +00:00,Yes,Expansion data: validate relevance before publishing.
legit copy trading platforms,10,,16.7,MEDIUM,commercial,Rising,suggestion,copy trading platforms,2026-09-16 01:26:12 +00:00,Yes,Expansion data: validate relevance before publishing.
copy trading platforms in india,10,,,,commercial,Falling,suggestion,copy trading platforms,2026-09-12 04:08:34 +00:00,Yes,Expansion data: validate relevance before publishing.
forex copy trading platforms,10,,14.21,LOW,commercial,Stable,suggestion,copy trading platforms,2026-09-12 16:55:36 +00:00,Yes,Expansion data: validate relevance before publishing.
list of copy trading platforms,10,26,,HIGH,commercial,Stable,suggestion,copy trading platforms,2026-09-12 02:06:05 +00:00,Yes,Expansion data: validate relevance before publishing.
copy trading platforms uk,10,,,,commercial,Rising,suggestion,copy trading platforms,2026-09-17 17:31:54 +00:00,Yes,Expansion data: validate relevance before publishing.
copy trading crypto platforms,10,38,8.3,MEDIUM,commercial,Stable,suggestion,copy trading platforms,2026-09-13 04:29:24 +00:00,Yes,Expansion data: validate relevance before publishing.
copy trading platforms crypto,10,38,,LOW,commercial,Stable,suggestion,copy trading platforms,2026-09-16 18:13:29 +00:00,Yes,Expansion data: validate relevance before publishing.
ai trading bot quotex,10,,,LOW,commercial,Falling,related,AI trading platforms,2026-09-12 01:10:35 +00:00,Yes,Expansion data: validate relevance before publishing.
ai trading bot tradingview,10,,4.24,MEDIUM,commercial,Stable,related,AI trading platforms,2026-09-12 20:36:51 +00:00,Yes,Expansion data: validate relevance before publishing.
ai trading bot claude,10,0,8.06,MEDIUM,navigational,Rising,related,AI trading platforms,2026-09-17 12:52:55 +00:00,Maybe,Expansion data: validate relevance before publishing.
ai trading app download,10,,,HIGH,transactional,Stable,related,AI trading platforms,2026-09-14 09:51:47 +00:00,Yes,Expansion data: validate relevance before publishing.
best ai trading platform for beginners free,10,,12.12,HIGH,commercial,New/Rising,related,AI trading platforms,2026-09-14 09:42:48 +00:00,Yes,Expansion data: validate relevance before publishing.
best ai trading bot for gold,10,,8.01,MEDIUM,commercial,Rising,related,AI trading platforms,2026-09-13 18:47:50 +00:00,Yes,Expansion data: validate relevance before publishing.
best ai trading app free for android,10,,9.51,HIGH,commercial,Stable,related,AI trading platforms,2026-09-16 16:53:44 +00:00,Yes,Expansion data: validate relevance before publishing.
best ai trading app for beginners reddit,10,,1.85,MEDIUM,commercial,Rising,related,AI trading platforms,2026-09-13 20:05:25 +00:00,Yes,Expansion data: validate relevance before publishing.
best ai trading software free,10,,,HIGH,commercial,Stable,related,AI trading platforms,2026-09-13 12:06:22 +00:00,Yes,Expansion data: validate relevance before publishing.
ai trading bot free download,10,,,LOW,transactional,Stable,related,AI trading platforms,2026-09-15 23:03:04 +00:00,Yes,Expansion data: validate relevance before publishing.
ai trading bot free telegram,10,,,,commercial,Falling,related,AI trading platforms,2026-09-14 09:31:32 +00:00,Yes,Expansion data: validate relevance before publishing.
ai trading bot online,10,,9.67,HIGH,informational,Rising,related,AI trading platforms,2026-09-16 20:13:35 +00:00,Maybe,Expansion data: validate relevance before publishing.
trading bot github python,10,33,,LOW,commercial,Stable,related,AI trading platforms,2026-09-16 20:08:04 +00:00,Yes,Expansion data: validate relevance before publishing.
forex trading bot github,10,,,LOW,informational,Stable,related,AI trading platforms,2026-09-17 03:57:35 +00:00,Maybe,Expansion data: validate relevance before publishing.
best ai trading app reddit,10,,12.81,MEDIUM,commercial,Falling,related,AI trading platforms,2026-09-17 06:46:16 +00:00,Yes,Expansion data: validate relevance before publishing.
fully automated ai trading app review,10,,11.94,MEDIUM,commercial,Rising,related,AI trading platforms,2026-09-16 21:02:16 +00:00,Yes,Expansion data: validate relevance before publishing.
best fully automated ai trading app,10,,10.72,MEDIUM,commercial,Rising,related,AI trading platforms,2026-09-15 13:28:45 +00:00,Yes,Expansion data: validate relevance before publishing.
ai trading bot for beginners free,10,3,11.33,HIGH,commercial,Stable,related,AI trading platforms,2026-09-17 13:38:53 +00:00,Yes,Expansion data: validate relevance before publishing.
ai trading bot analysis,10,,7.57,HIGH,commercial,Stable,related,AI trading platforms,2026-09-12 08:34:37 +00:00,Yes,Expansion data: validate relevance before publishing.
best ai trading bot for beginners free,10,,14.03,HIGH,commercial,Stable,related,AI trading platforms,2026-09-15 07:41:34 +00:00,Yes,Expansion data: validate relevance before publishing.
tokyniq ai trading bot,10,,,LOW,navigational,Falling,related,AI trading platforms,2026-09-14 20:24:06 +00:00,Maybe,Expansion data: validate relevance before publishing.
best free ai trading bot for beginners,10,,,LOW,commercial,Stable,related,AI trading platforms,2026-09-16 03:46:36 +00:00,Yes,Expansion data: validate relevance before publishing.
best automated ai trading app free,10,,5.05,HIGH,commercial,Rising,related,AI trading platforms,2026-09-16 19:00:26 +00:00,Yes,Expansion data: validate relevance before publishing.
best automated ai trading app for beginners,10,,11.92,HIGH,commercial,Rising,related,AI trading platforms,2026-09-13 06:01:21 +00:00,Yes,Expansion data: validate relevance before publishing.
ai trading platforms uk,10,,,,commercial,Stable,suggestion,AI trading platforms,2026-09-15 22:50:29 +00:00,Yes,Expansion data: validate relevance before publishing.
ai trading platforms canada,10,,,,commercial,Stable,suggestion,AI trading platforms,2026-09-17 04:32:24 +00:00,Yes,Expansion data: validate relevance before publishing.
do ai trading platforms really work,10,,,LOW,commercial,Rising,suggestion,AI trading platforms,2026-09-12 02:29:32 +00:00,Yes,Expansion data: validate relevance before publishing.
ai forex trading platforms,10,,,LOW,commercial,Rising,suggestion,AI trading platforms,2026-09-15 12:03:00 +00:00,Yes,Expansion data: validate relevance before publishing.
ai trading platforms australia,10,,,,commercial,Falling,suggestion,AI trading platforms,2026-09-17 20:42:43 +00:00,Yes,Expansion data: validate relevance before publishing.
ai powered crypto trading platforms,10,,,LOW,commercial,Stable,suggestion,AI trading platforms,2026-09-17 18:09:00 +00:00,Yes,Expansion data: validate relevance before publishing.
are ai trading platforms legit,10,,,LOW,informational,Stable,suggestion,AI trading platforms,2026-09-17 18:44:00 +00:00,Maybe,Expansion data: validate relevance before publishing.
do ai trading platforms work,10,,1.53,MEDIUM,informational,Falling,suggestion,AI trading platforms,2026-09-17 05:37:24 +00:00,Maybe,Expansion data: validate relevance before publishing.
top ai stock trading platforms,10,,7.05,HIGH,commercial,Stable,suggestion,AI trading platforms,2026-09-17 19:07:14 +00:00,Yes,Expansion data: validate relevance before publishing.
top 10 ai trading platforms,10,,,LOW,commercial,Stable,suggestion,AI trading platforms,2026-09-14 04:08:43 +00:00,Yes,Expansion data: validate relevance before publishing.
doparttimejob com payout proof,10,,,,informational,Falling,suggestion,payout proof,2026-09-14 18:08:34 +00:00,Maybe,Expansion data: validate relevance before publishing.
arby's no proof lawsuit payout,10,,,,informational,Rising,suggestion,payout proof,2026-09-12 13:38:20 +00:00,Maybe,Expansion data: validate relevance before publishing.
funding traders payout proof,10,,,,commercial,Falling,suggestion,payout proof,2026-09-13 01:04:51 +00:00,Yes,Expansion data: validate relevance before publishing.
v prop trader payout proof,10,,,LOW,informational,Falling,suggestion,payout proof,2026-09-15 16:52:56 +00:00,Maybe,Expansion data: validate relevance before publishing.
true forex funds payout proof,10,23,,,commercial,Falling,suggestion,payout proof,2026-09-14 15:25:27 +00:00,Yes,Expansion data: validate relevance before publishing.
myfundedfx payout proof,10,,,,informational,Falling,suggestion,payout proof,2026-09-14 19:13:24 +00:00,Maybe,Expansion data: validate relevance before publishing.
rebels funding payout proof,10,,,LOW,commercial,Rising,suggestion,payout proof,2026-09-12 18:47:43 +00:00,Yes,Expansion data: validate relevance before publishing.
blueberry funded payout proof,10,,,,commercial,Falling,suggestion,payout proof,2026-09-12 13:28:51 +00:00,Yes,Expansion data: validate relevance before publishing.
funding pips payout proof,10,,,LOW,informational,Stable,suggestion,payout proof,2026-09-15 18:43:47 +00:00,Maybe,Expansion data: validate relevance before publishing.
ofp funding payout proof,10,,,,commercial,Falling,suggestion,payout proof,2026-09-16 23:01:47 +00:00,Yes,Expansion data: validate relevance before publishing.
aqua funded payout proof,10,,,LOW,commercial,Stable,suggestion,payout proof,2026-09-14 05:50:29 +00:00,Yes,Expansion data: validate relevance before publishing.
maven trading payout proof,10,,,MEDIUM,informational,Stable,suggestion,payout proof,2026-09-16 15:18:41 +00:00,Maybe,Expansion data: validate relevance before publishing.
the funded trader payout proof,10,,,,informational,Falling,suggestion,payout proof,2026-09-13 03:44:11 +00:00,Maybe,Expansion data: validate relevance before publishing.
funded next payout proof,10,,,,informational,Stable,suggestion,payout proof,2026-09-14 01:01:29 +00:00,Maybe,Expansion data: validate relevance before publishing.
5ers payout proof,10,,,,informational,Falling,suggestion,payout proof,2026-09-14 17:16:07 +00:00,Maybe,Expansion data: validate relevance before publishing.
prop firm payout proof,10,,5.39,LOW,informational,Stable,suggestion,payout proof,2026-09-16 09:52:10 +00:00,Maybe,Expansion data: validate relevance before publishing.
myforexfunds payout proof,10,0,,,informational,Falling,suggestion,payout proof,2026-09-15 21:25:46 +00:00,Maybe,Expansion data: validate relevance before publishing.
ftmo payout proof,10,24,,LOW,informational,Stable,suggestion,payout proof,2026-09-13 08:01:29 +00:00,Maybe,Expansion data: validate relevance before publishing.
e8 funding payout proof,10,,,,informational,Falling,suggestion,payout proof,2026-09-14 16:46:42 +00:00,Maybe,Expansion data: validate relevance before publishing.
ment funding payout proof,10,,,LOW,informational,Stable,suggestion,payout proof,2026-09-12 06:54:53 +00:00,Maybe,Expansion data: validate relevance before publishing.
honeygain payout proof,10,,,LOW,informational,Stable,suggestion,payout proof,2026-09-15 18:14:15 +00:00,Maybe,Expansion data: validate relevance before publishing.
fundednext payout proof,10,,,,informational,Falling,suggestion,payout proof,2026-09-14 07:04:08 +00:00,Maybe,Expansion data: validate relevance before publishing.
the5ers payout proof,10,,,,informational,Falling,suggestion,payout proof,2026-09-15 14:21:38 +00:00,Maybe,Expansion data: validate relevance before publishing.
doparttimejob.com payout proof,10,,,,informational,Falling,suggestion,payout proof,2026-09-12 16:07:14 +00:00,Maybe,Expansion data: validate relevance before publishing.
arby's no proof lawsuit payout date,10,,,LOW,commercial,Stable,suggestion,payout proof,2026-09-15 19:04:17 +00:00,Yes,Expansion data: validate relevance before publishing.
goat funded trader payout proof,10,,,LOW,commercial,Falling,suggestion,payout proof,2026-09-16 01:05:48 +00:00,Yes,Expansion data: validate relevance before publishing.
the prop trading payout proof,10,,,,informational,Falling,suggestion,payout proof,2026-09-14 22:01:35 +00:00,Maybe,Expansion data: validate relevance before publishing.
investment recovery calculator,10,10,,LOW,informational,Stable,related,investment recovery calculator,2026-09-13 05:01:02 +00:00,Maybe,Expansion data: validate relevance before publishing.
investment calculator euro,10,6,1.61,LOW,informational,Stable,related,investment recovery calculator,2026-09-17 16:08:07 +00:00,Maybe,Expansion data: validate relevance before publishing.
gain needed to recover loss calculator,10,9,,LOW,informational,Stable,related,investment recovery calculator,2026-09-15 07:42:32 +00:00,Maybe,Expansion data: validate relevance before publishing.
loss recovery formula,10,,,LOW,informational,Rising,related,investment recovery calculator,2026-09-12 13:31:29 +00:00,Maybe,Expansion data: validate relevance before publishing.
percentage recovery calculator,10,0,,LOW,informational,Stable,related,investment recovery calculator,2026-09-15 18:54:14 +00:00,Maybe,Expansion data: validate relevance before publishing.
monthly investment calculator formula,10,,,LOW,informational,Stable,related,investment recovery calculator,2026-09-12 02:38:22 +00:00,Maybe,Expansion data: validate relevance before publishing.
monthly investment calculator s&p 500,10,,,LOW,informational,Stable,related,investment recovery calculator,2026-09-15 16:27:35 +00:00,Maybe,Expansion data: validate relevance before publishing.
monthly investment calculator canada,10,,,,informational,Stable,related,investment recovery calculator,2026-09-14 19:56:28 +00:00,Maybe,Expansion data: validate relevance before publishing.
stock investment calculator s&p 500,10,48,,LOW,informational,Stable,related,investment recovery calculator,2026-09-17 16:59:40 +00:00,Maybe,Expansion data: validate relevance before publishing.
how to calculate percentage gain or loss in excel,10,68,,LOW,informational,Stable,related,investment recovery calculator,2026-09-13 13:13:06 +00:00,Maybe,Expansion data: validate relevance before publishing.
gain calculation formula,10,,,LOW,informational,Falling,related,investment recovery calculator,2026-09-13 13:46:13 +00:00,Maybe,Expansion data: validate relevance before publishing.
penny stock average calculator,10,47,,LOW,informational,Falling,related,investment recovery calculator,2026-09-13 18:23:17 +00:00,Maybe,Expansion data: validate relevance before publishing.
stock average calculator groww,10,,,LOW,informational,Stable,related,investment recovery calculator,2026-09-12 15:07:46 +00:00,Maybe,Expansion data: validate relevance before publishing.
stock average calculator excel,10,0,,LOW,informational,Stable,related,investment recovery calculator,2026-09-12 11:21:24 +00:00,Maybe,Expansion data: validate relevance before publishing.
how to calculate average price of stock after selling,10,,,LOW,informational,Stable,related,investment recovery calculator,2026-09-15 15:20:32 +00:00,Maybe,Expansion data: validate relevance before publishing.
s&p 500 calculator historical returns,10,22,,LOW,informational,Stable,related,investment recovery calculator,2026-09-16 03:02:14 +00:00,Maybe,Expansion data: validate relevance before publishing.
return on investment problems and solutions pdf,10,,,LOW,informational,Stable,related,investment recovery calculator,2026-09-12 03:57:37 +00:00,Maybe,Expansion data: validate relevance before publishing.
compound interest calculator sbi monthly,10,24,,LOW,transactional,Rising,related,investment recovery calculator,2026-09-13 03:09:20 +00:00,Yes,Expansion data: validate relevance before publishing.
compound interest calculator sbi mutual fund,10,,,,informational,Rising,related,investment recovery calculator,2026-09-16 04:29:43 +00:00,Maybe,Expansion data: validate relevance before publishing.
daily compound interest calculator download,10,,,LOW,transactional,Stable,related,investment recovery calculator,2026-09-14 17:47:29 +00:00,Yes,Expansion data: validate relevance before publishing.
daily compound interest calculator with withdrawals,10,,,LOW,navigational,Falling,related,investment recovery calculator,2026-09-13 13:50:46 +00:00,Maybe,Expansion data: validate relevance before publishing.
free compound interest calculator with withdrawals,10,,,LOW,informational,Falling,related,investment recovery calculator,2026-09-17 14:29:47 +00:00,Maybe,Expansion data: validate relevance before publishing.
crypto yield calculator,10,34,,LOW,informational,Stable,related,crypto yield calculator,2026-09-12 22:58:47 +00:00,Maybe,Expansion data: validate relevance before publishing.
crypto yield farming calculator,10,38,,,informational,Stable,related,crypto yield calculator,2026-09-12 14:16:31 +00:00,Maybe,Expansion data: validate relevance before publishing.
crypto staking apr calculator,10,15,,LOW,informational,Stable,related,crypto yield calculator,2026-09-14 15:42:32 +00:00,Maybe,Expansion data: validate relevance before publishing.
daily apr calculator crypto,10,57,,,informational,Stable,related,crypto yield calculator,2026-09-13 09:20:34 +00:00,Maybe,Expansion data: validate relevance before publishing.
crypto earn calculator,10,21,,LOW,informational,Stable,related,crypto yield calculator,2026-09-16 12:45:52 +00:00,Maybe,Expansion data: validate relevance before publishing.
apy calculator crypto staking,10,32,,,informational,Falling,related,crypto yield calculator,2026-09-12 09:49:36 +00:00,Maybe,Expansion data: validate relevance before publishing.
defi liquidity pool calculator,10,,,LOW,informational,Falling,related,crypto yield calculator,2026-09-16 20:21:47 +00:00,Maybe,Expansion data: validate relevance before publishing.
apr calculator crypto,10,17,,LOW,informational,Falling,related,crypto yield calculator,2026-09-12 08:33:06 +00:00,Maybe,Expansion data: validate relevance before publishing.
daily apy calculator crypto,10,54,,,informational,Rising,related,crypto yield calculator,2026-09-16 04:46:52 +00:00,Maybe,Expansion data: validate relevance before publishing.
lp calculator crypto,10,39,,,informational,Falling,related,crypto yield calculator,2026-09-13 17:32:00 +00:00,Maybe,Expansion data: validate relevance before publishing.
liquidity calculator crypto,10,53,,LOW,informational,Stable,related,crypto yield calculator,2026-09-15 13:26:37 +00:00,Maybe,Expansion data: validate relevance before publishing.
what is 7 day apy in crypto,10,49,,,informational,Stable,related,crypto yield calculator,2026-09-13 00:29:03 +00:00,Maybe,Expansion data: validate relevance before publishing.
apy crypto calculator,10,8,,LOW,informational,Falling,related,crypto yield calculator,2026-09-13 16:05:31 +00:00,Maybe,Expansion data: validate relevance before publishing.
apr to daily rate calculator,10,37,,LOW,informational,Stable,related,crypto yield calculator,2026-09-14 15:54:42 +00:00,Maybe,Expansion data: validate relevance before publishing.
defi apr calculator,10,40,,LOW,informational,Stable,related,crypto yield calculator,2026-09-12 18:46:57 +00:00,Maybe,Expansion data: validate relevance before publishing.
apr calculator binance,10,,,LOW,informational,Rising,related,crypto yield calculator,2026-09-14 10:37:22 +00:00,Maybe,Expansion data: validate relevance before publishing.
auto daily interest calculator,10,59,,,informational,Falling,related,crypto yield calculator,2026-09-15 15:10:56 +00:00,Maybe,Expansion data: validate relevance before publishing.
crypto calculator profit app,10,23,3.32,MEDIUM,informational,Falling,related,crypto yield calculator,2026-09-14 21:51:12 +00:00,Maybe,Expansion data: validate relevance before publishing.
binance apr calculator,10,,,LOW,informational,Rising,related,crypto yield calculator,2026-09-16 19:06:36 +00:00,Maybe,Expansion data: validate relevance before publishing.
what is apr in crypto staking,10,37,,LOW,informational,Stable,related,crypto yield calculator,2026-09-15 19:07:15 +00:00,Maybe,Expansion data: validate relevance before publishing.
highest apr in crypto,10,74,,,commercial,Stable,related,crypto yield calculator,2026-09-14 08:55:55 +00:00,Yes,Expansion data: validate relevance before publishing.
defi apy calculator,10,49,,,informational,Falling,related,crypto yield calculator,2026-09-15 19:40:13 +00:00,Maybe,Expansion data: validate relevance before publishing.
lp staking calculator,10,55,,,informational,Falling,related,crypto yield calculator,2026-09-13 12:51:59 +00:00,Maybe,Expansion data: validate relevance before publishing.
impermanent loss calculator excel,10,4,,,informational,Falling,related,crypto yield calculator,2026-09-15 15:33:39 +00:00,Maybe,Expansion data: validate relevance before publishing.
crypto calculator tax,10,33,12.72,LOW,informational,Falling,related,crypto yield calculator,2026-09-12 17:07:37 +00:00,Maybe,Expansion data: validate relevance before publishing.
crypto calculator binance,10,,3.15,LOW,informational,Stable,related,crypto yield calculator,2026-09-12 13:37:16 +00:00,Maybe,Expansion data: validate relevance before publishing.
coingecko apy calculator,10,,,,informational,Falling,related,crypto yield calculator,2026-09-12 02:23:40 +00:00,Maybe,Expansion data: validate relevance before publishing.
impermanent loss formula,10,57,,LOW,informational,Falling,related,crypto yield calculator,2026-09-16 10:39:07 +00:00,Maybe,Expansion data: validate relevance before publishing.
impermanent loss calculator v3,10,0,,LOW,informational,Stable,related,crypto yield calculator,2026-09-12 07:33:34 +00:00,Maybe,Expansion data: validate relevance before publishing.
liquidity pool impermanent loss calculator,10,33,,,informational,Falling,related,crypto yield calculator,2026-09-14 04:14:47 +00:00,Maybe,Expansion data: validate relevance before publishing.
impermanent loss calculator concentrated liquidity,10,,,,informational,Falling,related,crypto yield calculator,2026-09-12 15:21:35 +00:00,Maybe,Expansion data: validate relevance before publishing.
whiteboard crypto impermanent loss calculator,10,47,,,informational,Falling,related,crypto yield calculator,2026-09-12 08:16:39 +00:00,Maybe,Expansion data: validate relevance before publishing.
impermanent loss chart,10,9,,LOW,informational,Falling,related,crypto yield calculator,2026-09-16 12:00:11 +00:00,Maybe,Expansion data: validate relevance before publishing.
7-day apy example,10,,,,informational,Falling,related,crypto yield calculator,2026-09-15 23:26:10 +00:00,Maybe,Expansion data: validate relevance before publishing.
what is a good 7-day yield,10,15,,LOW,informational,Stable,related,crypto yield calculator,2026-09-14 10:04:40 +00:00,Maybe,Expansion data: validate relevance before publishing.
monthly periodic rate calculator,10,25,,LOW,informational,Stable,related,crypto yield calculator,2026-09-12 01:37:30 +00:00,Maybe,Expansion data: validate relevance before publishing.
apr to apy formula excel,10,,,LOW,informational,Stable,related,crypto yield calculator,2026-09-15 17:40:52 +00:00,Maybe,Expansion data: validate relevance before publishing.
daily interest rate car loan,10,,,LOW,informational,Stable,related,crypto yield calculator,2026-09-17 23:33:55 +00:00,Maybe,Expansion data: validate relevance before publishing.
daily interest rate meaning,10,,,LOW,informational,Stable,related,crypto yield calculator,2026-09-16 06:10:50 +00:00,Maybe,Expansion data: validate relevance before publishing.
daily loan interest calculator excel,10,9,,LOW,informational,Stable,related,crypto yield calculator,2026-09-12 10:20:26 +00:00,Maybe,Expansion data: validate relevance before publishing.
crypto future profit calculator with leverage,10,,,,commercial,Stable,related,crypto yield calculator,2026-09-12 20:14:42 +00:00,Yes,Expansion data: validate relevance before publishing.
crypto profit calculator lot size,10,,,LOW,informational,Rising,related,crypto yield calculator,2026-09-16 16:24:03 +00:00,Maybe,Expansion data: validate relevance before publishing.
crypto spot profit calculator,10,,,LOW,informational,Stable,related,crypto yield calculator,2026-09-12 22:24:31 +00:00,Maybe,Expansion data: validate relevance before publishing.
1000x crypto calculator,10,1,,LOW,informational,Falling,related,crypto yield calculator,2026-09-17 00:30:15 +00:00,Maybe,Expansion data: validate relevance before publishing.
best crypto profit calculator free,10,,,LOW,commercial,Stable,related,crypto yield calculator,2026-09-15 12:41:02 +00:00,Yes,Expansion data: validate relevance before publishing.
leverage calculator crypto bybit,10,,,,informational,Falling,related,crypto yield calculator,2026-09-17 06:26:40 +00:00,Maybe,Expansion data: validate relevance before publishing.
10x leverage calculator,10,59,,LOW,informational,Stable,related,crypto yield calculator,2026-09-12 13:12:31 +00:00,Maybe,Expansion data: validate relevance before publishing.
best crypto profit calculator app,10,54,,,commercial,Falling,related,crypto yield calculator,2026-09-15 09:32:55 +00:00,Yes,Expansion data: validate relevance before publishing.
crypto profit calculator binance,10,60,,LOW,informational,Falling,related,crypto yield calculator,2026-09-12 21:48:26 +00:00,Maybe,Expansion data: validate relevance before publishing.
free crypto calculator app,10,23,,LOW,informational,Stable,related,crypto yield calculator,2026-09-12 03:43:36 +00:00,Maybe,Expansion data: validate relevance before publishing.
compound interest formula igcse,10,,,LOW,informational,Stable,related,crypto yield calculator,2026-09-16 02:47:03 +00:00,Maybe,Expansion data: validate relevance before publishing.
simple interest calculator between two dates,10,6,,LOW,informational,Stable,related,crypto yield calculator,2026-09-15 01:49:45 +00:00,Maybe,Expansion data: validate relevance before publishing.
simple interest calculator app,10,,,LOW,informational,Stable,related,crypto yield calculator,2026-09-14 09:31:18 +00:00,Maybe,Expansion data: validate relevance before publishing.
yield farming calculator crypto,10,38,,LOW,informational,New/Rising,suggestion,crypto yield calculator,2026-09-16 22:14:36 +00:00,Maybe,Expansion data: validate relevance before publishing.
yield calculator crypto,10,34,,,informational,Falling,suggestion,crypto yield calculator,2026-09-12 01:35:09 +00:00,Maybe,Expansion data: validate relevance before publishing.
hyip monitor reviews,10,1,,,informational,Falling,related,HYIP monitor,2026-09-12 21:57:45 +00:00,Maybe,Expansion data: validate relevance before publishing.
best hyip monitors,10,,,LOW,commercial,Stable,related,HYIP monitor,2026-09-15 21:20:07 +00:00,Yes,Expansion data: validate relevance before publishing.
hyip investment crypto,10,20,3,MEDIUM,commercial,Stable,related,HYIP monitor,2026-09-13 15:58:02 +00:00,Yes,Expansion data: validate relevance before publishing.
hyip biz,10,10,,LOW,informational,Stable,related,HYIP monitor,2026-09-16 08:01:38 +00:00,Maybe,Expansion data: validate relevance before publishing.
hyip reviews,10,23,,LOW,informational,Stable,related,HYIP monitor,2026-09-17 04:53:35 +00:00,Maybe,Expansion data: validate relevance before publishing.
hyip website builder,10,3,,,navigational,Rising,related,HYIP monitor,2026-09-14 02:05:04 +00:00,Maybe,Expansion data: validate relevance before publishing.
legit hyip investment,10,,,HIGH,commercial,Stable,related,HYIP monitor,2026-09-14 20:04:48 +00:00,Yes,Expansion data: validate relevance before publishing.
hyip investment plan,10,13,,,commercial,Falling,related,HYIP monitor,2026-09-13 12:04:09 +00:00,Yes,Expansion data: validate relevance before publishing.
hyip investment script,10,3,,LOW,commercial,Stable,related,HYIP monitor,2026-09-12 22:17:32 +00:00,Yes,Expansion data: validate relevance before publishing.
hyip analysis,10,23,,,informational,Stable,related,HYIP monitor,2026-09-13 15:44:34 +00:00,Maybe,Expansion data: validate relevance before publishing.
hyip website list,10,12,,,informational,Falling,related,HYIP monitor,2026-09-13 15:14:50 +00:00,Maybe,Expansion data: validate relevance before publishing.
longest paying hyip,10,23,,,informational,Falling,related,HYIP monitor,2026-09-14 00:40:58 +00:00,Maybe,Expansion data: validate relevance before publishing.
top 10 hyip investment,10,,5.24,MEDIUM,commercial,Stable,related,HYIP monitor,2026-09-13 16:47:22 +00:00,Yes,Expansion data: validate relevance before publishing.
hyip monitor goldpoll,10,2,,,commercial,Falling,related,HYIP monitor,2026-09-12 18:29:29 +00:00,Yes,Expansion data: validate relevance before publishing.
hyip explorer,10,17,9.82,LOW,navigational,Rising,related,HYIP monitor,2026-09-17 21:50:26 +00:00,Maybe,Expansion data: validate relevance before publishing.
hyip pro,10,0,,,navigational,Falling,related,HYIP monitor,2026-09-14 19:15:11 +00:00,Maybe,Expansion data: validate relevance before publishing.
hyip website templates,10,1,,,informational,Falling,related,HYIP monitor,2026-09-17 03:58:30 +00:00,Maybe,Expansion data: validate relevance before publishing.
free hyip website templates,10,,6.41,MEDIUM,informational,New/Rising,related,HYIP monitor,2026-09-14 02:17:31 +00:00,Maybe,Expansion data: validate relevance before publishing.
best hyip investment sites,10,,6.67,HIGH,commercial,Stable,related,HYIP monitor,2026-09-15 06:07:53 +00:00,Yes,Expansion data: validate relevance before publishing.
hyip platform,10,18,3.95,HIGH,commercial,Stable,related,HYIP monitor,2026-09-13 15:25:35 +00:00,Yes,Expansion data: validate relevance before publishing.
new hyip sites,10,,,,informational,Stable,related,HYIP monitor,2026-09-17 16:55:30 +00:00,Maybe,Expansion data: validate relevance before publishing.
hyip script github,10,1,,,informational,Falling,related,HYIP monitor,2026-09-15 02:58:55 +00:00,Maybe,Expansion data: validate relevance before publishing.
hyip investment template,10,0,,,informational,Stable,related,HYIP monitor,2026-09-14 12:03:31 +00:00,Maybe,Expansion data: validate relevance before publishing.
hyip manager,10,8,,,navigational,Falling,related,HYIP monitor,2026-09-16 11:55:40 +00:00,Maybe,Expansion data: validate relevance before publishing.
hyip crypto,10,27,,LOW,informational,Stable,related,HYIP monitor,2026-09-17 22:15:15 +00:00,Maybe,Expansion data: validate relevance before publishing.
trusted hyip monitoring sites,10,53,,,informational,Falling,related,HYIP monitor,2026-09-12 05:55:34 +00:00,Maybe,Expansion data: validate relevance before publishing.
hyip programs,10,24,,LOW,informational,Stable,related,HYIP monitor,2026-09-17 21:36:05 +00:00,Maybe,Expansion data: validate relevance before publishing.
legitimate hyips that are paying,10,29,,LOW,informational,Rising,related,HYIP monitor,2026-09-17 13:23:51 +00:00,Maybe,Expansion data: validate relevance before publishing.
hyip monitors paying,10,51,,,commercial,Falling,related,HYIP monitor,2026-09-13 02:53:57 +00:00,Yes,Expansion data: validate relevance before publishing.
top 10 hyip monitors,10,,,,commercial,Falling,related,HYIP monitor,2026-09-13 13:58:48 +00:00,Yes,Expansion data: validate relevance before publishing.
tophyip biz,10,,,,navigational,Falling,related,HYIP monitor,2026-09-12 20:00:03 +00:00,Maybe,Expansion data: validate relevance before publishing.
sqmonitor,10,,,LOW,navigational,Rising,related,HYIP monitor,2026-09-12 07:29:03 +00:00,Maybe,Expansion data: validate relevance before publishing.
hyip list,10,10,,LOW,informational,Stable,related,HYIP monitor,2026-09-13 21:28:23 +00:00,Maybe,Expansion data: validate relevance before publishing.
latest hyip,10,4,,,informational,Falling,related,HYIP monitor,2026-09-12 09:34:28 +00:00,Maybe,Expansion data: validate relevance before publishing.
goldpoll,10,7,,LOW,informational,Stable,related,HYIP monitor,2026-09-12 10:17:35 +00:00,Maybe,Expansion data: validate relevance before publishing.
all hyip monitor,10,23,,LOW,navigational,Stable,related,HYIP monitor,2026-09-14 22:47:39 +00:00,Maybe,Expansion data: validate relevance before publishing.
hyip site,10,37,35.69,MEDIUM,navigational,Stable,related,HYIP monitor,2026-09-12 13:28:39 +00:00,Maybe,Expansion data: validate relevance before publishing.
hyip monitor 24,10,17,,,navigational,Falling,related,HYIP monitor,2026-09-12 16:37:38 +00:00,Maybe,Expansion data: validate relevance before publishing.
new hyip monitor,10,,,,transactional,Falling,related,HYIP monitor,2026-09-16 23:51:08 +00:00,Yes,Expansion data: validate relevance before publishing.
hyip monitors list,10,24,,,informational,Stable,related,HYIP monitor,2026-09-12 06:30:18 +00:00,Maybe,Expansion data: validate relevance before publishing.
hyip max,10,,15.6,MEDIUM,informational,Stable,related,HYIP monitor,2026-09-15 16:15:03 +00:00,Maybe,Expansion data: validate relevance before publishing.
hyip rio,10,0,,,navigational,Stable,related,HYIP monitor,2026-09-16 16:13:11 +00:00,Maybe,Expansion data: validate relevance before publishing.
genius hyip,10,,,LOW,informational,Rising,related,HYIP monitor,2026-09-16 02:31:29 +00:00,Maybe,Expansion data: validate relevance before publishing.
buy hyip templates,10,,,LOW,transactional,Rising,related,HYIP monitor,2026-09-15 12:59:03 +00:00,Yes,Expansion data: validate relevance before publishing.
cheap hyip template,10,64,,,commercial,Falling,related,HYIP monitor,2026-09-13 08:28:44 +00:00,Yes,Expansion data: validate relevance before publishing.
goldcoders hyip template,10,,,,informational,Falling,related,HYIP monitor,2026-09-14 11:08:36 +00:00,Maybe,Expansion data: validate relevance before publishing.
hyip website script,10,6,,MEDIUM,commercial,Rising,related,HYIP monitor,2026-09-12 14:29:34 +00:00,Yes,Expansion data: validate relevance before publishing.
best hyip investment,10,,5.84,HIGH,commercial,Rising,related,HYIP monitor,2026-09-16 22:23:41 +00:00,Yes,Expansion data: validate relevance before publishing.
best hyip monitor,10,,,LOW,commercial,Stable,related,HYIP monitor,2026-09-17 03:08:59 +00:00,Yes,Expansion data: validate relevance before publishing.
hyip monitor script free,10,,,,informational,New/Rising,suggestion,HYIP monitor,2026-09-17 14:49:10 +00:00,Maybe,Expansion data: validate relevance before publishing.
hyip monitor website,10,9,2.88,LOW,navigational,Stable,suggestion,HYIP monitor,2026-09-12 22:19:57 +00:00,Maybe,Expansion data: validate relevance before publishing.
all hyip monitor script,10,,,,transactional,New/Rising,suggestion,HYIP monitor,2026-09-14 10:12:52 +00:00,Yes,Expansion data: validate relevance before publishing.
hyip best monitor,10,20,,LOW,commercial,Stable,suggestion,HYIP monitor,2026-09-12 09:23:23 +00:00,Yes,Expansion data: validate relevance before publishing.
hyip monitor site,10,11,,LOW,navigational,Stable,suggestion,HYIP monitor,2026-09-12 22:27:24 +00:00,Maybe,Expansion data: validate relevance before publishing.
czech hyip monitor,10,,,,navigational,Falling,suggestion,HYIP monitor,2026-09-16 21:37:35 +00:00,Maybe,Expansion data: validate relevance before publishing.
best hyip monitor sites,10,,,,commercial,Falling,suggestion,HYIP monitor,2026-09-16 20:23:48 +00:00,Yes,Expansion data: validate relevance before publishing.
hyip monitor all,10,23,,LOW,navigational,Stable,suggestion,HYIP monitor,2026-09-15 02:16:25 +00:00,Maybe,Expansion data: validate relevance before publishing.
hyip monitor best,10,44,,LOW,commercial,Stable,suggestion,HYIP monitor,2026-09-16 18:56:06 +00:00,Yes,Expansion data: validate relevance before publishing.
top hyip monitor,10,,,,commercial,Falling,suggestion,HYIP monitor,2026-09-14 18:24:08 +00:00,Yes,Expansion data: validate relevance before publishing.
all monitor hyip,10,23,,LOW,transactional,Stable,suggestion,HYIP monitor,2026-09-12 19:42:36 +00:00,Yes,Expansion data: validate relevance before publishing.
what is hyip monitor,10,100,,,informational,Falling,suggestion,HYIP monitor,2026-09-13 21:57:51 +00:00,Maybe,Expansion data: validate relevance before publishing.
hyip investment monitor,10,18,,LOW,navigational,Rising,suggestion,HYIP monitor,2026-09-16 00:17:16 +00:00,Maybe,Expansion data: validate relevance before publishing.
invest tracing hyip monitor,10,,,,navigational,Falling,suggestion,HYIP monitor,2026-09-12 02:21:54 +00:00,Maybe,Expansion data: validate relevance before publishing.
the best hyip monitor,10,,,,commercial,Falling,suggestion,HYIP monitor,2026-09-16 18:07:24 +00:00,Yes,Expansion data: validate relevance before publishing.
crypto hyip monitor,10,78,,,commercial,Falling,suggestion,HYIP monitor,2026-09-12 19:29:32 +00:00,Yes,Expansion data: validate relevance before publishing.
invest hyip monitor,10,18,,LOW,commercial,Rising,suggestion,HYIP monitor,2026-09-15 18:35:49 +00:00,Yes,Expansion data: validate relevance before publishing.
hyip all monitor,10,23,,LOW,transactional,Stable,suggestion,HYIP monitor,2026-09-14 22:42:38 +00:00,Yes,Expansion data: validate relevance before publishing.
free hyip monitor,10,,,,informational,Falling,suggestion,HYIP monitor,2026-09-13 20:11:37 +00:00,Maybe,Expansion data: validate relevance before publishing.
monitor hyip sites,10,11,,LOW,informational,Stable,suggestion,HYIP monitor,2026-09-17 00:48:36 +00:00,Maybe,Expansion data: validate relevance before publishing.
hyip monitor list,10,24,,,informational,Stable,suggestion,HYIP monitor,2026-09-15 11:10:39 +00:00,Maybe,Expansion data: validate relevance before publishing.
script hyip monitor,10,4,,,transactional,Stable,suggestion,HYIP monitor,2026-09-16 00:41:30 +00:00,Yes,Expansion data: validate relevance before publishing.
hyip monitor new,10,5,,,navigational,Falling,suggestion,HYIP monitor,2026-09-12 09:14:31 +00:00,Maybe,Expansion data: validate relevance before publishing.
most trusted hyip monitor,10,,,,informational,Falling,suggestion,HYIP monitor,2026-09-12 06:30:42 +00:00,Maybe,Expansion data: validate relevance before publishing.
hyip monitor paying,10,51,,,navigational,Falling,suggestion,HYIP monitor,2026-09-14 00:41:03 +00:00,Maybe,Expansion data: validate relevance before publishing.
hyip monitor script,10,4,,,transactional,Stable,suggestion,HYIP monitor,2026-09-16 01:04:41 +00:00,Yes,Expansion data: validate relevance before publishing.
hourly hyip monitor,10,,,,informational,Rising,suggestion,HYIP monitor,2026-09-17 09:19:49 +00:00,Maybe,Expansion data: validate relevance before publishing.
hot hyip monitor,10,,,,transactional,Falling,suggestion,HYIP monitor,2026-09-15 12:48:43 +00:00,Yes,Expansion data: validate relevance before publishing.
free hyip monitor script,10,,,,informational,New/Rising,suggestion,HYIP monitor,2026-09-16 17:58:41 +00:00,Maybe,Expansion data: validate relevance before publishing.
hyip sites,10,37,,MEDIUM,informational,Stable,related,HYIP reviews,2026-09-17 19:55:51 +00:00,Maybe,Expansion data: validate relevance before publishing.
hyip listing,10,10,,LOW,navigational,Stable,related,HYIP reviews,2026-09-15 06:42:43 +00:00,Maybe,Expansion data: validate relevance before publishing.
hyip premium,10,8,,,commercial,Falling,related,HYIP reviews,2026-09-16 22:36:25 +00:00,Yes,Expansion data: validate relevance before publishing.
hyip check,10,5,,,commercial,Falling,related,HYIP reviews,2026-09-12 06:17:03 +00:00,Yes,Expansion data: validate relevance before publishing.
hyip log,10,13,,,navigational,Falling,related,HYIP reviews,2026-09-17 13:34:35 +00:00,Maybe,Expansion data: validate relevance before publishing.
hyip meaning,10,11,,LOW,informational,Stable,related,HYIP reviews,2026-09-12 05:02:45 +00:00,Maybe,Expansion data: validate relevance before publishing.
hyip forum,10,0,,LOW,navigational,Stable,related,HYIP reviews,2026-09-17 01:28:44 +00:00,Maybe,Expansion data: validate relevance before publishing.
hyip site review,10,53,,,informational,Falling,related,HYIP reviews,2026-09-14 06:10:57 +00:00,Maybe,Expansion data: validate relevance before publishing.
best hyip site,10,,,,informational,New/Rising,related,HYIP reviews,2026-09-12 08:14:46 +00:00,Maybe,Expansion data: validate relevance before publishing.
trusted hyip investment sites,10,53,,,informational,Falling,related,HYIP reviews,2026-09-12 21:02:46 +00:00,Maybe,Expansion data: validate relevance before publishing.
sq monitor,10,3,,LOW,transactional,Stable,related,HYIP reviews,2026-09-14 23:58:51 +00:00,Yes,Expansion data: validate relevance before publishing.
hyip monitors 24,10,17,,,navigational,Rising,related,HYIP reviews,2026-09-14 19:28:12 +00:00,Maybe,Expansion data: validate relevance before publishing.
hyip logs,10,13,,,navigational,Falling,related,HYIP reviews,2026-09-16 14:14:12 +00:00,Maybe,Expansion data: validate relevance before publishing.
hyip investment script free download,10,0,,,transactional,Stable,related,HYIP reviews,2026-09-17 04:28:45 +00:00,Yes,Expansion data: validate relevance before publishing.
hyiprio login,10,,,,navigational,Falling,related,HYIP reviews,2026-09-16 06:50:06 +00:00,Maybe,Expansion data: validate relevance before publishing.
defi yield farming platforms,10,11,9.87,LOW,informational,Falling,suggestion,DeFi yield platforms,2026-09-16 05:30:39 +00:00,Maybe,Expansion data: validate relevance before publishing.
aimex login,10,,,,navigational,Falling,,,2026-09-15 11:20:59 +00:00,Maybe,
aimex review,10,,,LOW,informational,New/Rising,,,2026-09-12 03:23:46 +00:00,Maybe,
best hyip sites,10,,,,commercial,Falling,,,2026-09-12 00:48:26 +00:00,Yes,
crypto arbitrage platforms,10,22,7.05,MEDIUM,commercial,Stable,,,2026-09-16 18:34:30 +00:00,Yes,
crypto interest platforms,10,62,,LOW,commercial,Rising,,,2026-09-16 10:11:32 +00:00,Yes,
crypto platform reviews,10,82,,LOW,commercial,Falling,,,2026-09-17 01:19:58 +00:00,Yes,
crypto withdrawal proof,10,,,,informational,Stable,,,2026-09-13 04:45:26 +00:00,Maybe,
daily roi calculator,10,51,,LOW,informational,Stable,,,2026-09-15 13:25:11 +00:00,Maybe,
forex copy trading platform,10,,14.21,LOW,commercial,Stable,,,2026-09-17 14:13:25 +00:00,Yes,
high yield investment sites,10,,,MEDIUM,commercial,Stable,,,2026-09-12 00:31:06 +00:00,Yes,
investment payback period calculator,10,13,,LOW,informational,Stable,,,2026-09-17 14:36:40 +00:00,Maybe,
investment site reviews,10,20,,,commercial,Falling,,,2026-09-13 14:13:35 +00:00,Yes,
bityx,10,14,,LOW,navigational,Stable,,,2026-09-16 10:35:25 +00:00,Maybe,
tag markets review,10,,,LOW,commercial,Stable,,,2026-09-13 23:24:56 +00:00,Yes,
tag markets withdrawal,10,,,LOW,informational,Rising,,,2026-09-15 14:21:02 +00:00,Maybe,
passive income crypto 2021 reddit,0,55,,,informational,Flat,related,passive income crypto,2026-09-13 02:05:47 +00:00,Maybe,Expansion data: validate relevance before publishing.
passive income binance reddit,0,,,,informational,Flat,related,passive income crypto,2026-09-15 00:37:10 +00:00,Maybe,Expansion data: validate relevance before publishing.
best way to earn interest on crypto reddit,0,52,,,informational,Flat,related,passive income crypto,2026-09-14 23:02:37 +00:00,Maybe,Expansion data: validate relevance before publishing.
best passive income crypto 2023,0,,,,commercial,Flat,related,passive income crypto,2026-09-12 18:59:26 +00:00,Maybe,Expansion data: validate relevance before publishing.
pancakeswap passive income reddit,0,,,,informational,Flat,related,passive income crypto,2026-09-17 14:11:43 +00:00,Maybe,Expansion data: validate relevance before publishing.
defi passive income 2023,0,,,,informational,Flat,related,passive income crypto,2026-09-16 17:12:44 +00:00,Maybe,Expansion data: validate relevance before publishing.
crypto passive income 2022,0,48,,,informational,Flat,related,passive income crypto,2026-09-13 17:25:36 +00:00,Maybe,Expansion data: validate relevance before publishing.
passive income crypto 2019,0,,,,commercial,Flat,suggestion,passive income crypto,2026-09-17 05:09:08 +00:00,Maybe,Expansion data: validate relevance before publishing.
about passive income in crypto hot wallet code,0,,,,informational,Flat,suggestion,passive income crypto,2026-09-13 13:48:38 +00:00,Maybe,Expansion data: validate relevance before publishing.
crypto passive income ideas,0,,,,informational,Flat,suggestion,passive income crypto,2026-09-12 13:51:39 +00:00,Maybe,Expansion data: validate relevance before publishing.
highest passive income crypto,0,,,,commercial,Flat,suggestion,passive income crypto,2026-09-16 07:35:23 +00:00,Maybe,Expansion data: validate relevance before publishing.
daily passive income crypto,0,,,,commercial,Flat,suggestion,passive income crypto,2026-09-17 16:55:56 +00:00,Maybe,Expansion data: validate relevance before publishing.
best crypto passive income 2022,0,48,,,commercial,Flat,suggestion,passive income crypto,2026-09-15 03:52:37 +00:00,Maybe,Expansion data: validate relevance before publishing.
crypto passive income 2020,0,,,,informational,Flat,suggestion,passive income crypto,2026-09-17 05:47:47 +00:00,Maybe,Expansion data: validate relevance before publishing.
best crypto for passive income 2022,0,,,,commercial,Flat,suggestion,passive income crypto,2026-09-17 21:00:51 +00:00,Maybe,Expansion data: validate relevance before publishing.
10 ways to earn crypto passive income on binance,0,,,,informational,Flat,suggestion,passive income crypto,2026-09-14 10:30:59 +00:00,Maybe,Expansion data: validate relevance before publishing.
crypto passive income coins,0,,,,commercial,Flat,suggestion,passive income crypto,2026-09-15 22:23:34 +00:00,Maybe,Expansion data: validate relevance before publishing.
passive crypto income 2021,0,57,,,informational,Flat,suggestion,passive income crypto,2026-09-12 15:10:20 +00:00,Maybe,Expansion data: validate relevance before publishing.
best passive income crypto 2021,0,,,,commercial,Flat,suggestion,passive income crypto,2026-09-16 05:25:07 +00:00,Maybe,Expansion data: validate relevance before publishing.
passive income crypto binance,0,,,,commercial,Flat,suggestion,passive income crypto,2026-09-14 00:29:08 +00:00,Maybe,Expansion data: validate relevance before publishing.
best crypto passive income 2021,0,45,,,commercial,Flat,suggestion,passive income crypto,2026-09-13 13:03:58 +00:00,Maybe,Expansion data: validate relevance before publishing.
about passive income in crypto,0,8,,,informational,Flat,suggestion,passive income crypto,2026-09-17 13:40:30 +00:00,Maybe,Expansion data: validate relevance before publishing.
passive crypto income 2022,0,48,,,informational,Flat,suggestion,passive income crypto,2026-09-16 03:17:08 +00:00,Maybe,Expansion data: validate relevance before publishing.
hot wallet video code about passive income in crypto,0,,,,informational,Flat,suggestion,passive income crypto,2026-09-16 23:50:57 +00:00,Maybe,Expansion data: validate relevance before publishing.
passive income crypto 2023,0,,,,commercial,Flat,suggestion,passive income crypto,2026-09-12 02:09:40 +00:00,Maybe,Expansion data: validate relevance before publishing.
best passive crypto income 2022,0,,,,commercial,Flat,suggestion,passive income crypto,2026-09-17 08:39:59 +00:00,Maybe,Expansion data: validate relevance before publishing.
passive income in crypto memefi code,0,,,,informational,Flat,suggestion,passive income crypto,2026-09-17 10:31:17 +00:00,Maybe,Expansion data: validate relevance before publishing.
crypto passive income reddit 2021,0,55,,,informational,Flat,suggestion,passive income crypto,2026-09-12 14:14:00 +00:00,Maybe,Expansion data: validate relevance before publishing.
memefi code for passive income in crypto,0,,,,informational,Flat,suggestion,passive income crypto,2026-09-16 15:45:35 +00:00,Maybe,Expansion data: validate relevance before publishing.
passive income in crypto the secret behind,0,,,,informational,Flat,suggestion,passive income crypto,2026-09-12 05:22:18 +00:00,Maybe,Expansion data: validate relevance before publishing.
crypto passive income 2019,0,,,,informational,Flat,suggestion,passive income crypto,2026-09-16 08:02:35 +00:00,Maybe,Expansion data: validate relevance before publishing.
crypto projects for passive income,0,,,,commercial,Flat,suggestion,passive income crypto,2026-09-13 18:30:47 +00:00,Maybe,Expansion data: validate relevance before publishing.
passive income 2022 crypto,0,48,,,commercial,Flat,suggestion,passive income crypto,2026-09-16 13:18:46 +00:00,Maybe,Expansion data: validate relevance before publishing.
passive income dari crypto,0,,,,informational,Flat,suggestion,passive income crypto,2026-09-17 01:49:53 +00:00,Maybe,Expansion data: validate relevance before publishing.
passive income in crypto hot wallet,0,,,,commercial,Flat,suggestion,passive income crypto,2026-09-13 11:17:01 +00:00,Maybe,Expansion data: validate relevance before publishing.
passive income in crypto hot code,0,,,,informational,Flat,suggestion,passive income crypto,2026-09-13 09:46:25 +00:00,Maybe,Expansion data: validate relevance before publishing.
new crypto passive income,0,,,,commercial,Flat,suggestion,passive income crypto,2026-09-17 16:23:40 +00:00,Maybe,Expansion data: validate relevance before publishing.
crypto passive income 2021,0,57,,,informational,Flat,suggestion,passive income crypto,2026-09-17 01:44:44 +00:00,Maybe,Expansion data: validate relevance before publishing.
passive income in crypto the secret,0,,,,informational,Flat,suggestion,passive income crypto,2026-09-16 07:49:59 +00:00,Maybe,Expansion data: validate relevance before publishing.
earning passive income in crypto market,0,,,,informational,Flat,suggestion,passive income crypto,2026-09-15 08:45:15 +00:00,Maybe,Expansion data: validate relevance before publishing.
best crypto nodes for passive income 2022,0,,,,commercial,Flat,suggestion,passive income crypto,2026-09-12 13:40:32 +00:00,Maybe,Expansion data: validate relevance before publishing.
how to passive income crypto,0,,,,informational,Flat,suggestion,passive income crypto,2026-09-14 07:58:06 +00:00,Maybe,Expansion data: validate relevance before publishing.
my best crypto projects for earning passive income,0,,,,commercial,Flat,suggestion,passive income crypto,2026-09-14 18:40:39 +00:00,Maybe,Expansion data: validate relevance before publishing.
passive income crypto 2020,0,54,,,informational,Flat,suggestion,passive income crypto,2026-09-13 14:24:24 +00:00,Maybe,Expansion data: validate relevance before publishing.
access passive income with crypto trading bots here's how,0,,,,commercial,Flat,suggestion,passive income crypto,2026-09-16 06:16:47 +00:00,Maybe,Expansion data: validate relevance before publishing.
passive income calculator crypto,0,77,,,informational,Flat,suggestion,passive income crypto,2026-09-12 13:11:23 +00:00,Maybe,Expansion data: validate relevance before publishing.
passive income with crypto bots,0,,,,commercial,Flat,suggestion,passive income crypto,2026-09-17 07:15:38 +00:00,Maybe,Expansion data: validate relevance before publishing.
crypto best passive income,0,47,,,commercial,Flat,suggestion,passive income crypto,2026-09-16 01:32:34 +00:00,Maybe,Expansion data: validate relevance before publishing.
hot wallet video code passive income in crypto,0,,,,commercial,Flat,suggestion,passive income crypto,2026-09-13 23:38:40 +00:00,Maybe,Expansion data: validate relevance before publishing.
passive income crypto 2022,0,48,,,commercial,Flat,suggestion,passive income crypto,2026-09-12 21:22:58 +00:00,Maybe,Expansion data: validate relevance before publishing.
creating passive income with crypto,0,,,,informational,Flat,suggestion,passive income crypto,2026-09-13 22:22:24 +00:00,Maybe,Expansion data: validate relevance before publishing.
passive income in crypto the secret behind defi lending,0,,,,informational,Flat,suggestion,passive income crypto,2026-09-12 13:36:03 +00:00,Maybe,Expansion data: validate relevance before publishing.
safest crypto passive income,0,,,,commercial,Flat,suggestion,passive income crypto,2026-09-15 16:56:44 +00:00,Maybe,Expansion data: validate relevance before publishing.
passive income in crypto code,0,,,,informational,Flat,suggestion,passive income crypto,2026-09-14 10:02:41 +00:00,Maybe,Expansion data: validate relevance before publishing.
about passive income in crypto hot wallet,0,,,,informational,Flat,suggestion,passive income crypto,2026-09-16 23:29:10 +00:00,Maybe,Expansion data: validate relevance before publishing.
the best passive income crypto,0,47,,,commercial,Flat,suggestion,passive income crypto,2026-09-16 19:02:52 +00:00,Maybe,Expansion data: validate relevance before publishing.
strong crypto passive income,0,,,,commercial,Flat,suggestion,passive income crypto,2026-09-14 07:57:25 +00:00,Maybe,Expansion data: validate relevance before publishing.
best passive income crypto coins,0,,,,commercial,Flat,suggestion,passive income crypto,2026-09-15 21:57:52 +00:00,Maybe,Expansion data: validate relevance before publishing.
crypto automated passive income,0,,,,commercial,Flat,suggestion,passive income crypto,2026-09-17 16:27:32 +00:00,Maybe,Expansion data: validate relevance before publishing.
celsius crypto passive income,0,,,,commercial,Flat,suggestion,passive income crypto,2026-09-12 13:19:06 +00:00,Maybe,Expansion data: validate relevance before publishing.
passive income in crypto hot wallet code,0,,,,transactional,Flat,suggestion,passive income crypto,2026-09-14 08:02:15 +00:00,Maybe,Expansion data: validate relevance before publishing.
crypto passive income youtube,0,,,,informational,Flat,suggestion,passive income crypto,2026-09-17 20:38:45 +00:00,Maybe,Expansion data: validate relevance before publishing.
passive income in crypto memefi video code,0,,,,informational,Flat,suggestion,passive income crypto,2026-09-14 00:25:58 +00:00,Maybe,Expansion data: validate relevance before publishing.
passive income crypto defi,0,,,,commercial,Flat,suggestion,passive income crypto,2026-09-14 11:38:00 +00:00,Maybe,Expansion data: validate relevance before publishing.
best crypto passive income 2023,0,,,,commercial,Flat,suggestion,passive income crypto,2026-09-17 07:35:50 +00:00,Maybe,Expansion data: validate relevance before publishing.
passive income from crypto reddit,0,19,,,informational,Flat,suggestion,passive income crypto,2026-09-16 10:18:51 +00:00,Maybe,Expansion data: validate relevance before publishing.
bitgert staking calculator,0,,,,informational,Flat,related,crypto staking platforms,2026-09-17 16:40:27 +00:00,Maybe,Expansion data: validate relevance before publishing.
binance staking apy calculator,0,,,,informational,Flat,related,crypto staking platforms,2026-09-12 10:17:27 +00:00,Maybe,Expansion data: validate relevance before publishing.
best crypto to stake 2023,0,,,,commercial,Flat,related,crypto staking platforms,2026-09-16 05:36:42 +00:00,Maybe,Expansion data: validate relevance before publishing.
crypto staking platforms in india,0,,,,commercial,Flat,suggestion,crypto staking platforms,2026-09-15 04:10:43 +00:00,Maybe,Expansion data: validate relevance before publishing.
crypto lending platforms 2021,0,,,,commercial,Flat,suggestion,crypto lending platforms,2026-09-13 22:16:58 +00:00,Maybe,Expansion data: validate relevance before publishing.
crypto lending platforms 2019,0,,,,commercial,Flat,suggestion,crypto lending platforms,2026-09-16 02:39:48 +00:00,Maybe,Expansion data: validate relevance before publishing.
crypto lending platforms 2020,0,,,,commercial,Flat,suggestion,crypto lending platforms,2026-09-13 14:41:54 +00:00,Maybe,Expansion data: validate relevance before publishing.
etoro success stories reddit,0,,,,informational,Flat,related,copy trading platforms,2026-09-17 02:15:47 +00:00,Maybe,Expansion data: validate relevance before publishing.
coin pump payout proof,0,,,,commercial,Flat,suggestion,payout proof,2026-09-12 01:25:14 +00:00,Maybe,Expansion data: validate relevance before publishing.
funding talent payout proof,0,42,,,informational,Flat,suggestion,payout proof,2026-09-12 21:16:56 +00:00,Maybe,Expansion data: validate relevance before publishing.
lucky chip spin payout proof,0,,,,informational,Flat,suggestion,payout proof,2026-09-14 20:57:11 +00:00,Maybe,Expansion data: validate relevance before publishing.
traders central fund payout proof,0,,,,informational,Flat,suggestion,payout proof,2026-09-17 12:50:46 +00:00,Maybe,Expansion data: validate relevance before publishing.
raketdito payout proof,0,,,,informational,Flat,suggestion,payout proof,2026-09-15 04:21:20 +00:00,Maybe,Expansion data: validate relevance before publishing.
my forex funds payout proof,0,0,,,informational,Flat,suggestion,payout proof,2026-09-16 15:21:44 +00:00,Maybe,Expansion data: validate relevance before publishing.
egawork proof of payout,0,,,,informational,Flat,suggestion,payout proof,2026-09-13 02:18:31 +00:00,Maybe,Expansion data: validate relevance before publishing.
nova funding payout proof,0,,,,informational,Flat,suggestion,payout proof,2026-09-15 10:57:21 +00:00,Maybe,Expansion data: validate relevance before publishing.
fidelcrest payout proof,0,,,,informational,Flat,suggestion,payout proof,2026-09-12 01:53:38 +00:00,Maybe,Expansion data: validate relevance before publishing.
daily payout ptc site with payment proof,0,,,,commercial,Flat,suggestion,payout proof,2026-09-16 16:28:35 +00:00,Maybe,Expansion data: validate relevance before publishing.
wintub proof of payout,0,42,,,informational,Flat,suggestion,payout proof,2026-09-14 15:43:27 +00:00,Maybe,Expansion data: validate relevance before publishing.
7-day apy calculator crypto,0,,,,informational,Flat,related,crypto yield calculator,2026-09-16 09:51:40 +00:00,Maybe,Expansion data: validate relevance before publishing.
apy calculator crypto binance,0,,,,informational,Flat,related,crypto yield calculator,2026-09-12 06:57:08 +00:00,Maybe,Expansion data: validate relevance before publishing.
apy calculator crypto coinbase,0,,,,informational,Flat,related,crypto yield calculator,2026-09-16 00:39:34 +00:00,Maybe,Expansion data: validate relevance before publishing.
lp token price calculator bsc,0,,,,informational,Flat,related,crypto yield calculator,2026-09-15 17:13:49 +00:00,Maybe,Expansion data: validate relevance before publishing.
impermanent loss calculator stablecoin,0,6,,,informational,Flat,related,crypto yield calculator,2026-09-12 02:19:43 +00:00,Maybe,Expansion data: validate relevance before publishing.
liquidity pool calculator excel,0,,,,informational,Flat,related,crypto yield calculator,2026-09-17 07:11:01 +00:00,Maybe,Expansion data: validate relevance before publishing.
what is 7 day apy calculator,0,47,,,informational,Flat,related,crypto yield calculator,2026-09-12 23:31:19 +00:00,Maybe,Expansion data: validate relevance before publishing.
binance apy meaning,0,,,,informational,Flat,related,crypto yield calculator,2026-09-12 12:50:44 +00:00,Maybe,Expansion data: validate relevance before publishing.
defi kingdoms apr calculator,0,,,,informational,Flat,related,crypto yield calculator,2026-09-12 13:48:42 +00:00,Maybe,Expansion data: validate relevance before publishing.
yield farming crypto calculator,0,38,,,informational,Flat,suggestion,crypto yield calculator,2026-09-16 04:09:05 +00:00,Maybe,Expansion data: validate relevance before publishing.
uhyip,0,53,,,informational,Flat,related,HYIP monitor,2026-09-14 16:52:53 +00:00,Maybe,Expansion data: validate relevance before publishing.
trusted hyip investment 2022,0,33,,,informational,Flat,related,HYIP monitor,2026-09-12 05:13:10 +00:00,Maybe,Expansion data: validate relevance before publishing.
hyip monitor free listing,0,,,,informational,Flat,related,HYIP monitor,2026-09-14 22:13:33 +00:00,Maybe,Expansion data: validate relevance before publishing.
new hyip investment,0,,,,commercial,Flat,related,HYIP monitor,2026-09-14 11:46:40 +00:00,Maybe,Expansion data: validate relevance before publishing.
hyip monitor 2022,0,52,,,informational,Flat,related,HYIP monitor,2026-09-14 19:16:40 +00:00,Maybe,Expansion data: validate relevance before publishing.
the best paying hyip,0,,,,commercial,Flat,related,HYIP monitor,2026-09-16 07:51:25 +00:00,Maybe,Expansion data: validate relevance before publishing.
stable paying hyip,0,,,,commercial,Flat,related,HYIP monitor,2026-09-13 23:19:39 +00:00,Maybe,Expansion data: validate relevance before publishing.
long term hyip,0,,,,informational,Flat,related,HYIP monitor,2026-09-13 13:41:09 +00:00,Maybe,Expansion data: validate relevance before publishing.
hyipclub,0,0,,,navigational,Flat,related,HYIP monitor,2026-09-15 05:38:47 +00:00,Maybe,Expansion data: validate relevance before publishing.
myhyips,0,45,,,navigational,Flat,related,HYIP monitor,2026-09-16 10:05:22 +00:00,Maybe,Expansion data: validate relevance before publishing.
trusted hyip monitor,0,80,,,informational,Flat,related,HYIP monitor,2026-09-15 21:44:47 +00:00,Maybe,Expansion data: validate relevance before publishing.
instant monitor hyip,0,28,,,transactional,Flat,related,HYIP monitor,2026-09-17 02:57:52 +00:00,Maybe,Expansion data: validate relevance before publishing.
hyip pro free download,0,0,,,transactional,Flat,related,HYIP monitor,2026-09-12 23:12:39 +00:00,Maybe,Expansion data: validate relevance before publishing.
hyip investment companies,0,4,,,commercial,Flat,related,HYIP monitor,2026-09-14 04:10:41 +00:00,Maybe,Expansion data: validate relevance before publishing.
hyip monitor 2019,0,,,,transactional,Flat,suggestion,HYIP monitor,2026-09-12 17:15:08 +00:00,Maybe,Expansion data: validate relevance before publishing.
zanoza hyip monitor,0,,,,transactional,Flat,suggestion,HYIP monitor,2026-09-14 17:47:10 +00:00,Maybe,Expansion data: validate relevance before publishing.
alexa hyip monitor,0,,,,transactional,Flat,suggestion,HYIP monitor,2026-09-15 04:08:16 +00:00,Maybe,Expansion data: validate relevance before publishing.
best hyip monitor script,0,,,,commercial,Flat,suggestion,HYIP monitor,2026-09-15 08:39:58 +00:00,Maybe,Expansion data: validate relevance before publishing.
arm hyip monitor,0,,,,transactional,Flat,suggestion,HYIP monitor,2026-09-13 09:06:00 +00:00,Maybe,Expansion data: validate relevance before publishing.
free hyip monitor script download,0,,,,transactional,Flat,suggestion,HYIP monitor,2026-09-17 16:52:51 +00:00,Maybe,Expansion data: validate relevance before publishing.
hyip monitor terbaik,0,,,,commercial,Flat,suggestion,HYIP monitor,2026-09-15 10:48:59 +00:00,Maybe,Expansion data: validate relevance before publishing.
goldpoll best hyip monitor,0,,,,commercial,Flat,suggestion,HYIP monitor,2026-09-15 16:54:03 +00:00,Maybe,Expansion data: validate relevance before publishing.
great hyip monitor,0,,,,commercial,Flat,suggestion,HYIP monitor,2026-09-12 01:43:57 +00:00,Maybe,Expansion data: validate relevance before publishing.
hyip monitor scams,0,,,,informational,Flat,suggestion,HYIP monitor,2026-09-15 09:23:48 +00:00,Maybe,Expansion data: validate relevance before publishing.
hyip monitor deutsch,0,2,,,navigational,Flat,suggestion,HYIP monitor,2026-09-13 11:33:53 +00:00,Maybe,Expansion data: validate relevance before publishing.
hyip monitor 2017,0,,,,commercial,Flat,suggestion,HYIP monitor,2026-09-12 20:15:05 +00:00,Maybe,Expansion data: validate relevance before publishing.
china hyip monitor,0,,,,informational,Flat,suggestion,HYIP monitor,2026-09-17 16:58:26 +00:00,Maybe,Expansion data: validate relevance before publishing.
genuine hyip monitor,0,,,,transactional,Flat,suggestion,HYIP monitor,2026-09-12 13:43:52 +00:00,Maybe,Expansion data: validate relevance before publishing.
fast hyip monitor,0,,,,transactional,Flat,suggestion,HYIP monitor,2026-09-16 09:09:50 +00:00,Maybe,Expansion data: validate relevance before publishing.
hyip monitor hourly,0,,,,navigational,Flat,suggestion,HYIP monitor,2026-09-15 22:05:37 +00:00,Maybe,Expansion data: validate relevance before publishing.
all hyip monitor status,0,,,,navigational,Flat,suggestion,HYIP monitor,2026-09-13 20:20:32 +00:00,Maybe,Expansion data: validate relevance before publishing.
top 10 hyip monitor sites,0,,,,informational,Flat,suggestion,HYIP monitor,2026-09-17 23:28:35 +00:00,Maybe,Expansion data: validate relevance before publishing.
hyip monitor script nulled,0,,,,informational,Flat,suggestion,HYIP monitor,2026-09-17 04:58:37 +00:00,Maybe,Expansion data: validate relevance before publishing.
24 hyip monitor,0,17,,,transactional,Flat,suggestion,HYIP monitor,2026-09-15 12:14:19 +00:00,Maybe,Expansion data: validate relevance before publishing.
hyip monitor vietnam,0,,,,navigational,Flat,suggestion,HYIP monitor,2026-09-17 03:44:40 +00:00,Maybe,Expansion data: validate relevance before publishing.
best hyip monitor 2022,0,,,,commercial,Flat,suggestion,HYIP monitor,2026-09-13 07:31:03 +00:00,Maybe,Expansion data: validate relevance before publishing.
hyip monitor terpercaya 2017,0,,,,commercial,Flat,suggestion,HYIP monitor,2026-09-15 14:19:03 +00:00,Maybe,Expansion data: validate relevance before publishing.
russian hyip monitor,0,,,,informational,Flat,suggestion,HYIP monitor,2026-09-12 14:08:36 +00:00,Maybe,Expansion data: validate relevance before publishing.
mno hyip monitor,0,,,,transactional,Flat,suggestion,HYIP monitor,2026-09-14 08:29:39 +00:00,Maybe,Expansion data: validate relevance before publishing.
buy hyip monitor script,0,,,,transactional,Flat,suggestion,HYIP monitor,2026-09-15 18:13:40 +00:00,Maybe,Expansion data: validate relevance before publishing.
hyip monitor pl,0,,,,navigational,Flat,suggestion,HYIP monitor,2026-09-12 07:07:47 +00:00,Maybe,Expansion data: validate relevance before publishing.
hyip monitor template,0,0,,,informational,Flat,suggestion,HYIP monitor,2026-09-16 12:57:50 +00:00,Maybe,Expansion data: validate relevance before publishing.
best hyip monitor online,0,,,,commercial,Flat,suggestion,HYIP monitor,2026-09-12 15:54:42 +00:00,Maybe,Expansion data: validate relevance before publishing.
hyip monitor 24 net,0,17,,,navigational,Flat,suggestion,HYIP monitor,2026-09-15 19:31:09 +00:00,Maybe,Expansion data: validate relevance before publishing.
hyip monitor instagram,0,,,,navigational,Flat,suggestion,HYIP monitor,2026-09-12 08:58:13 +00:00,Maybe,Expansion data: validate relevance before publishing.
hyip monitor usa,0,,,,navigational,Flat,suggestion,HYIP monitor,2026-09-17 00:08:49 +00:00,Maybe,Expansion data: validate relevance before publishing.
hyip monitor templates,0,0,,,navigational,Flat,suggestion,HYIP monitor,2026-09-13 20:54:50 +00:00,Maybe,Expansion data: validate relevance before publishing.
how to create hyip monitor site,0,,,,informational,Flat,suggestion,HYIP monitor,2026-09-12 22:53:52 +00:00,Maybe,Expansion data: validate relevance before publishing.
hyip monitor telegram,0,0,,,navigational,Flat,suggestion,HYIP monitor,2026-09-15 00:30:52 +00:00,Maybe,Expansion data: validate relevance before publishing.
hyip monitor free,0,,,,informational,Flat,suggestion,HYIP monitor,2026-09-15 20:01:23 +00:00,Maybe,Expansion data: validate relevance before publishing.
best hyip monitor 2021,0,,,,commercial,Flat,suggestion,HYIP monitor,2026-09-12 21:51:07 +00:00,Maybe,Expansion data: validate relevance before publishing.
hyip monitor script free download,0,,,,transactional,Flat,suggestion,HYIP monitor,2026-09-12 20:48:55 +00:00,Maybe,Expansion data: validate relevance before publishing.
good hyip monitor,0,,,,commercial,Flat,suggestion,HYIP monitor,2026-09-15 02:59:35 +00:00,Maybe,Expansion data: validate relevance before publishing.
top hyip monitor sites,0,,,,informational,Flat,suggestion,HYIP monitor,2026-09-17 00:13:44 +00:00,Maybe,Expansion data: validate relevance before publishing.
hyip monitor 2020,0,9,,,informational,Flat,suggestion,HYIP monitor,2026-09-12 23:44:59 +00:00,Maybe,Expansion data: validate relevance before publishing.
hyip monitor español,0,,,,navigational,Flat,suggestion,HYIP monitor,2026-09-13 17:16:16 +00:00,Maybe,Expansion data: validate relevance before publishing.
hyip club monitor,0,,,,navigational,Flat,suggestion,HYIP monitor,2026-09-15 00:47:42 +00:00,Maybe,Expansion data: validate relevance before publishing.
tessline hyip monitor,0,,,,transactional,Flat,suggestion,HYIP monitor,2026-09-15 10:30:32 +00:00,Maybe,Expansion data: validate relevance before publishing.
check hyip monitor,0,,,,navigational,Flat,suggestion,HYIP monitor,2026-09-16 22:53:44 +00:00,Maybe,Expansion data: validate relevance before publishing.
hyip monitor italia,0,0,,,navigational,Flat,suggestion,HYIP monitor,2026-09-15 21:17:36 +00:00,Maybe,Expansion data: validate relevance before publishing.
hyip monitor 2021,0,50,,,informational,Flat,suggestion,HYIP monitor,2026-09-12 22:08:05 +00:00,Maybe,Expansion data: validate relevance before publishing.
hyip banker monitor,0,,,,navigational,Flat,suggestion,HYIP monitor,2026-09-14 17:52:24 +00:00,Maybe,Expansion data: validate relevance before publishing.
ddfutures hyip monitor,0,,,,informational,Flat,suggestion,HYIP monitor,2026-09-15 17:41:43 +00:00,Maybe,Expansion data: validate relevance before publishing.
monitor de hyip,0,,,,navigational,Flat,suggestion,HYIP monitor,2026-09-16 10:09:36 +00:00,Maybe,Expansion data: validate relevance before publishing.
best hyip monitor 2023,0,,,,commercial,Flat,suggestion,HYIP monitor,2026-09-17 16:35:45 +00:00,Maybe,Expansion data: validate relevance before publishing.
hyip site monitor,0,11,,,navigational,Flat,suggestion,HYIP monitor,2026-09-15 22:02:39 +00:00,Maybe,Expansion data: validate relevance before publishing.
instant-monitor hyip,0,28,,,transactional,Flat,suggestion,HYIP monitor,2026-09-16 12:50:43 +00:00,Maybe,Expansion data: validate relevance before publishing.
hyip news monitor,0,,,,informational,Flat,suggestion,HYIP monitor,2026-09-16 01:54:33 +00:00,Maybe,Expansion data: validate relevance before publishing.
hyip monitor investment,0,18,,,commercial,Flat,suggestion,HYIP monitor,2026-09-17 15:49:38 +00:00,Maybe,Expansion data: validate relevance before publishing.
hyip monitor 2023,0,,,,informational,Flat,suggestion,HYIP monitor,2026-09-14 05:11:59 +00:00,Maybe,Expansion data: validate relevance before publishing.
all hyip monitor 24,0,,,,navigational,Flat,suggestion,HYIP monitor,2026-09-15 21:45:46 +00:00,Maybe,Expansion data: validate relevance before publishing.
hyip monitor 2018,0,,,,informational,Flat,suggestion,HYIP monitor,2026-09-15 11:32:09 +00:00,Maybe,Expansion data: validate relevance before publishing.
best hyip monitor website,0,,,,commercial,Flat,suggestion,HYIP monitor,2026-09-15 00:05:27 +00:00,Maybe,Expansion data: validate relevance before publishing.
best hyip monitor 2020,0,,,,commercial,Flat,suggestion,HYIP monitor,2026-09-12 01:47:07 +00:00,Maybe,Expansion data: validate relevance before publishing.
popular hyip monitor,0,82,,,commercial,Flat,suggestion,HYIP monitor,2026-09-13 01:49:28 +00:00,Maybe,Expansion data: validate relevance before publishing.
hyip monitor ranking,0,,,,informational,Flat,suggestion,HYIP monitor,2026-09-17 06:14:59 +00:00,Maybe,Expansion data: validate relevance before publishing.
hyip paying sites,0,34,,,informational,Flat,related,HYIP reviews,2026-09-15 02:46:41 +00:00,Maybe,Expansion data: validate relevance before publishing.
hyip investment website 2021,0,,,,informational,Flat,related,HYIP reviews,2026-09-16 01:54:43 +00:00,Maybe,Expansion data: validate relevance before publishing.
trusted hyip investment 2020,0,65,,,informational,Flat,related,HYIP reviews,2026-09-13 05:24:49 +00:00,Maybe,Expansion data: validate relevance before publishing.
trusted hyip investment 2021,0,44,,,informational,Flat,related,HYIP reviews,2026-09-15 19:36:33 +00:00,Maybe,Expansion data: validate relevance before publishing.
hyip monitors 2020,0,9,,,informational,Flat,related,HYIP reviews,2026-09-13 13:16:08 +00:00,Maybe,Expansion data: validate relevance before publishing.
hyip monitors 2021,0,50,,,informational,Flat,related,HYIP reviews,2026-09-16 07:29:37 +00:00,Maybe,Expansion data: validate relevance before publishing.
hyip rio nulled,0,0,,,informational,Flat,related,HYIP reviews,2026-09-12 23:25:42 +00:00,Maybe,Expansion data: validate relevance before publishing.
hyip rio documentation,0,,,,informational,Flat,related,HYIP reviews,2026-09-13 19:11:21 +00:00,Maybe,Expansion data: validate relevance before publishing.
how to make money with bitcoin on cash app,,,,,informational,Flat,related,passive income crypto,2026-06-12 18:01:50 +00:00,Maybe,Expansion data: validate relevance before publishing.
how to make money with bitcoin for beginners,,,,,informational,Flat,related,passive income crypto,2026-06-13 03:10:39 +00:00,Maybe,Expansion data: validate relevance before publishing.
crypto passive reddit,,,,,informational,Flat,related,passive income crypto,2026-06-18 07:55:19 +00:00,Maybe,Expansion data: validate relevance before publishing.
10k passive income reddit,,,,,informational,Flat,related,passive income crypto,2026-06-17 06:51:38 +00:00,Maybe,Expansion data: validate relevance before publishing.
earn interest on bitcoin reddit,,,,,commercial,Flat,related,passive income crypto,2026-06-18 11:54:39 +00:00,Maybe,Expansion data: validate relevance before publishing.
crypto passive apex reddit,,,,,informational,Flat,related,passive income crypto,2026-06-18 03:59:06 +00:00,Maybe,Expansion data: validate relevance before publishing.
bitcoin mining software,,66,,,commercial,Flat,related,passive income crypto,2026-06-13 16:53:52 +00:00,Maybe,Expansion data: validate relevance before publishing.
how to make money with bitcoin reddit,,,,,informational,Flat,related,passive income crypto,2026-06-11 17:05:26 +00:00,Maybe,Expansion data: validate relevance before publishing.
usdt staking calculator,,,,,informational,Flat,related,passive income crypto,2026-06-14 05:47:06 +00:00,Maybe,Expansion data: validate relevance before publishing.
is staking solana worth it,,,,,informational,Flat,related,passive income crypto,2026-06-12 17:56:24 +00:00,Maybe,Expansion data: validate relevance before publishing.
exodus staking ethereum,,,,,commercial,Flat,related,crypto staking platforms,2026-06-15 23:06:37 +00:00,Maybe,Expansion data: validate relevance before publishing.
binance usdt staking calculator,,,,,informational,Flat,related,crypto staking platforms,2026-06-13 21:12:12 +00:00,Maybe,Expansion data: validate relevance before publishing.
binance staking usdt,,,,,commercial,Flat,related,crypto staking platforms,2026-06-18 08:44:59 +00:00,Maybe,Expansion data: validate relevance before publishing.
best crypto to stake on coinbase reddit,,,,,commercial,Flat,related,crypto staking platforms,2026-06-17 14:37:53 +00:00,Maybe,Expansion data: validate relevance before publishing.
staking rewards calculator cardano,,,,,informational,Flat,related,crypto staking platforms,2026-06-14 14:58:13 +00:00,Maybe,Expansion data: validate relevance before publishing.
eth staking rewards,,,,,informational,Flat,related,crypto staking platforms,2026-06-14 17:13:04 +00:00,Maybe,Expansion data: validate relevance before publishing.
coinbase ethereum staking calculator,,,,,informational,Flat,related,crypto staking platforms,2026-06-12 17:15:11 +00:00,Maybe,Expansion data: validate relevance before publishing.
bitcoin staking calculator,,,,,informational,Flat,related,crypto staking platforms,2026-06-17 07:54:44 +00:00,Maybe,Expansion data: validate relevance before publishing.
can you stake bitcoin,,,,,informational,Flat,related,crypto staking platforms,2026-06-16 01:21:30 +00:00,Maybe,Expansion data: validate relevance before publishing.
best usdt staking,,,,,commercial,Flat,related,crypto staking platforms,2026-06-17 00:12:33 +00:00,Maybe,Expansion data: validate relevance before publishing.
free bitcoin loans,,,,,commercial,Flat,related,crypto lending platforms,2026-06-18 03:22:32 +00:00,Maybe,Expansion data: validate relevance before publishing.
bitcoin loan without deposit,,,,,transactional,Flat,related,crypto lending platforms,2026-06-13 12:33:51 +00:00,Maybe,Expansion data: validate relevance before publishing.
aave crypto loan,,,,,commercial,Flat,related,crypto lending platforms,2026-06-15 22:39:46 +00:00,Maybe,Expansion data: validate relevance before publishing.
etoro copy trading fees reddit,,,,,informational,Flat,related,copy trading platforms,2026-06-18 07:21:57 +00:00,Maybe,Expansion data: validate relevance before publishing.
etoro copy trading success stories,,,,,commercial,Flat,related,copy trading platforms,2026-06-18 11:59:18 +00:00,Maybe,Expansion data: validate relevance before publishing.
why can t i copy trade on etoro,,,,,informational,Flat,related,copy trading platforms,2026-06-14 03:50:31 +00:00,Maybe,Expansion data: validate relevance before publishing.
etoro copiers reddit,,,,,informational,Flat,related,copy trading platforms,2026-06-14 13:34:38 +00:00,Maybe,Expansion data: validate relevance before publishing.
bitcoin compound interest calculator,,,,,informational,Flat,related,crypto yield calculator,2026-06-14 10:45:17 +00:00,Maybe,Expansion data: validate relevance before publishing.
cardano staking calculator,,,,,informational,Flat,related,crypto yield calculator,2026-06-13 03:33:03 +00:00,Maybe,Expansion data: validate relevance before publishing.
xrp staking calculator,,,,,informational,Flat,related,crypto yield calculator,2026-06-11 14:29:31 +00:00,Maybe,Expansion data: validate relevance before publishing.
uniswap v3 impermanent loss calculator,,,,,informational,Flat,related,crypto yield calculator,2026-06-13 17:59:02 +00:00,Maybe,Expansion data: validate relevance before publishing.
uniswap liquidity pool calculator,,,,,informational,Flat,related,crypto yield calculator,2026-06-17 11:34:30 +00:00,Maybe,Expansion data: validate relevance before publishing.
what is a 7 day apy binance,,,,,informational,Flat,related,crypto yield calculator,2026-06-11 14:39:58 +00:00,Maybe,Expansion data: validate relevance before publishing.
7 day apy binance reddit,,,,,informational,Flat,related,crypto yield calculator,2026-06-17 17:23:17 +00:00,Maybe,Expansion data: validate relevance before publishing.
apy calculator crypto usdt,,,,,informational,Flat,related,crypto yield calculator,2026-06-17 17:06:59 +00:00,Maybe,Expansion data: validate relevance before publishing.
usdt apy calculator,,,,,informational,Flat,related,crypto yield calculator,2026-06-17 17:28:17 +00:00,Maybe,Expansion data: validate relevance before publishing.
bitcoin hyip websites,,,,,informational,Flat,related,HYIP monitor,2026-06-17 20:11:46 +00:00,Maybe,Expansion data: validate relevance before publishing.
hyip monitor nedir,,,,,informational,Flat,suggestion,HYIP monitor,2026-07-12 08:42:26 +00:00,Maybe,Expansion data: validate relevance before publishing.
best hyip monitor 2018,,,,,commercial,Flat,suggestion,HYIP monitor,2026-08-18 07:47:23 +00:00,Maybe,Expansion data: validate relevance before publishing.
hyip monitor terpercaya 2018,,,,,commercial,Flat,suggestion,HYIP monitor,2026-07-15 22:12:21 +00:00,Maybe,Expansion data: validate relevance before publishing.
bitcoin hyip monitor,,,,,commercial,Flat,related,HYIP reviews,2026-06-16 11:50:43 +00:00,Maybe,Expansion data: validate relevance before publishing.
defi yield platforms,,,,,commercial,Flat,related,DeFi yield platforms,2026-06-11 18:09:37 +00:00,Maybe,Expansion data: validate relevance before publishing.
aimex legit,,,,,commercial,Flat,,,2026-06-14 01:45:26 +00:00,Maybe,
