Query,Result Type,Position,Domain,Title,URL,Description,People Also Ask,Related Search,YieldProof Angle
high yield investment platforms,Organic,2,www.investor.gov,High-Yield Investment Programs,https://www.investor.gov/introduction-investing/investing-basics/glossary/high-yield-investment-programs,High-Yield Investment Programs (HYIP) are unregistered investments typically run by unlicensed individuals – and they are often frauds. Read more,,,Lead with first-party withdrawal evidence + live score history.
high yield investment platforms,Organic,4,www.wealthfront.com,Wealthfront: Money works better here,https://www.wealthfront.com/,"Wealthfront makes building wealth easy. Earn 3.55% APY on your uninvested cash and invest in expert-built, automated portfolios of stocks, bonds, and ETFs.",,,Lead with first-party withdrawal evidence + live score history.
high yield investment platforms,Organic,5,www.nerdwallet.com,10 Best Investments: Where to Invest in 2026,https://www.nerdwallet.com/investing/learn/the-best-investments-right-now,"Sep 18, 2026 — High-yield savings accounts, CDs, bonds, funds and stocks are all considered among the best investments available.",,,Lead with first-party withdrawal evidence + live score history.
high yield investment platforms,Organic,6,www.fidelity.com,11 top investments in 2026 | Fidelity,https://www.fidelity.com/learning-center/smart-money/what-to-invest-in,High yield /non-investment grade bonds involve greater price volatility and risk of default than investment grade bonds. Interest income generated by ... Read more,,,Lead with first-party withdrawal evidence + live score history.
high yield investment platforms,Organic,7,www.wallstreetzen.com,16 Best High-Yield Investments [Highest Return ...,https://www.wallstreetzen.com/blog/best-high-yield-investments/,"May 5, 2026 — Investments that offer potential returns of around 10% or higher include high-yield bonds, peer-to-peer lending, or certain dividend stocks. Read more",,,Lead with first-party withdrawal evidence + live score history.
high yield investment platforms,Organic,8,www.investopedia.com,9 Best Online Brokers and Trading Platforms for September ...,https://www.investopedia.com/best-online-brokers-4587872,Fidelity is our choice for the best online broker. Interactive Brokers and Charles Schwab round out the top three.,,,Lead with first-party withdrawal evidence + live score history.
high yield investment platforms,Organic,9,www.willowwealth.com,Willow Wealth - Leading Private Markets Investments Platform,https://www.willowwealth.com/,Willow Wealth is an alternative investment platform focused on generating income streams for investors. Get exclusive access to private market investments.,,,Lead with first-party withdrawal evidence + live score history.
high yield investment platforms,Organic,10,www.columbia.edu,6 Best Investing Websites,http://www.columbia.edu/~tmd2142/6-best-investing-websites.html,The list of 6 best investing websites compiled by the finance community at Columbia University that provide the most functionalities at a reasonable price.,,,Lead with first-party withdrawal evidence + live score history.
high yield investment platforms,Organic,13,www.youtube.com,10 Best Investing Apps RANKED (What No One Tells You),https://www.youtube.com/watch?v=ulw_vq91CZI&vl=en-US,,,,Lead with first-party withdrawal evidence + live score history.
high yield investment platforms,Organic,14,www.reddit.com,Best platform to use for investing? : r/Bogleheads,https://www.reddit.com/r/Bogleheads/comments/1nguu2l/best_platform_to_use_for_investing/,I like Fidelity the best so far. It has a nice balance of features and a well rounded high yield settlement account. Robinhood and Schwab have ... Read more,,,Lead with first-party withdrawal evidence + live score history.
high yield investment platforms,People Also Ask,,,,,,How can I make $1000 a month in dividends?,,Lead with first-party withdrawal evidence + live score history.
high yield investment platforms,People Also Ask,,,,,,Where can I get a 10% return on my money?,,Lead with first-party withdrawal evidence + live score history.
high yield investment platforms,People Also Ask,,,,,,How to turn $1000 into $10000 in one month?,,Lead with first-party withdrawal evidence + live score history.
high yield investment platforms,People Also Ask,,,,,,"How much money do I need to invest to make $3,000 a month?",,Lead with first-party withdrawal evidence + live score history.
daily return investment sites,Organic,2,www.investor.gov,Investor.gov: Home,https://www.investor.gov/,An official website of the United States government. See how your invested money can grow through the power of compound interest. ! Stay up to date with  ...,,,"Differentiate with real tests, realised returns and evidence."
daily return investment sites,Organic,4,www.morningstar.com,Morningstar | Empowering Investor Success,https://www.morningstar.com/,"Morningstar is an investment research company offering mutual fund, ETF, and stock analysis, ratings, and data, and portfolio tools.",,,"Differentiate with real tests, realised returns and evidence."
daily return investment sites,Organic,5,www.fidelity.com,11 top investments in 2026 | Fidelity,https://www.fidelity.com/learning-center/smart-money/what-to-invest-in,Types of investments · 1. Stocks · 2. Bonds · 3. Exchange-traded funds (ETFs) · 4. Mutual funds · 5. Bank products · 6. Digital assets · 7. Options · 8. Futures and ... Read more,,,"Differentiate with real tests, realised returns and evidence."
daily return investment sites,Organic,6,www.wealthfront.com,Wealthfront: Money works better here,https://www.wealthfront.com/,"Wealthfront makes building wealth easy. Earn 3.55% APY on your uninvested cash and invest in expert-built, automated portfolios of stocks, bonds, and ETFs.",,,"Differentiate with real tests, realised returns and evidence."
daily return investment sites,Organic,7,www.reddit.com,Best investing platform? : r/stocks,https://www.reddit.com/r/stocks/comments/1dxkood/best_investing_platform/,I'm getting into stocks I'd like to get into long term/ day trades eventually. I'm not quite sure which platform to start on/the best? Do you use different ...,,,"Differentiate with real tests, realised returns and evidence."
daily return investment sites,Organic,9,www.finder.com,What's the Best Way to Invest Money in 2026?,https://www.finder.com/investments/best-way-to-invest-money,"Jun 25, 2026 — How to invest and make money daily: 6 ways · 1. Dividend stocks and ETFs · 2. Cryptocurrency staking · 3. Selling covered calls · 4. High-yield ... Read more",,,"Differentiate with real tests, realised returns and evidence."
daily return investment sites,Organic,10,www.columbia.edu,6 Best Investing Websites,http://www.columbia.edu/~tmd2142/6-best-investing-websites.html,6 Best Investing Websites · 1. ValueInvesting.io · 2. Neyman AI · 3. Finsheet · 4. AlphaResearch · 5. Investopedia · 6. Motley Fool. Read more,,,"Differentiate with real tests, realised returns and evidence."
daily return investment sites,Organic,11,www.nerdwallet.com,10 Best Investments: Where to Invest in 2026,https://www.nerdwallet.com/investing/learn/the-best-investments-right-now,"Sep 18, 2026 — High-yield savings accounts, CDs, bonds, funds and stocks are all considered among the best investments available. Learn more about risks, ...",,,"Differentiate with real tests, realised returns and evidence."
daily return investment sites,Organic,13,smartasset.com,6 Ways to Make Money Daily With Investments,https://smartasset.com/investing/how-to-invest-and-make-money-daily,"High-yield savings accounts and money market funds offer predictable interest that accrues daily. These vehicles are low-risk, highly liquid and often FDIC- ... Read more",,,"Differentiate with real tests, realised returns and evidence."
daily return investment sites,Organic,14,www.onepay.com,OnePay Invest | Buy stocks with as little as $1,https://www.onepay.com/invest,"Say hey to investing your way. Search for companies you care about, buy stocks with as little as $1, and own a piece of what you love. Read more",,,"Differentiate with real tests, realised returns and evidence."
daily return investment sites,People Also Ask,,,,,,What are the best investment sites for daily profit earning?,,"Differentiate with real tests, realised returns and evidence."
daily return investment sites,People Also Ask,,,,,,Can you make $1000 a day with day trading?,,"Differentiate with real tests, realised returns and evidence."
daily return investment sites,People Also Ask,,,,,,How to make $1000 a month passively?,,"Differentiate with real tests, realised returns and evidence."
daily return investment sites,People Also Ask,,,,,,"How much money do I need to invest to make $3,000 a month?",,"Differentiate with real tests, realised returns and evidence."
passive income crypto platforms,Organic,2,www.binance.com,Top 8 Staking Platforms to Earn Passive Income in 2025,https://www.binance.com/en/square/post/17159365791474,"Dec 5, 2024 — 1. CryptoBox: Advance AI Crypto Staking · 2. Binance Staking: A Global Brand · 3. Kraken Staking: Simple and Secure · 4. Coinbase Staking: ... Read more",,,"Differentiate with real tests, realised returns and evidence."
passive income crypto platforms,Organic,3,wire.insiderfinance.io,How I Built Crypto Passive Income from Scratch,https://wire.insiderfinance.io/how-i-built-crypto-passive-income-from-scratch-and-how-you-can-too-754e44fb0d07,"Apr 4, 2025 — Most people think passive income in crypto is about staking a few tokens or throwing money into a yield farm and praying it works out. Read more",,,"Differentiate with real tests, realised returns and evidence."
passive income crypto platforms,Organic,6,exmo.com,Passive income with crypto: Fixed vs Flexible Earn programs,https://exmo.com/blog/en/education/passive-income-with-crypto-fixed-vs-flexible-earn-programs/,"Aug 22, 2025 — That is the dream behind “passive income” in crypto: you park assets you already own, and they quietly earn a reward. In exchange, the platform ... Read more",,,"Differentiate with real tests, realised returns and evidence."
passive income crypto platforms,Organic,7,www.okx.com,Debunking XRP Staking: How to Earn Passive Income ...,https://www.okx.com/learn/xrp-passive-income-methods,"Jul 16, 2025 — Lending XRP. Lending involves depositing XRP on platforms that lend these tokens to borrowers. · Yield Farming with XRP or Wrapped XRP (wXRP). Read more",,,"Differentiate with real tests, realised returns and evidence."
passive income crypto platforms,Organic,8,www.youtube.com,Make A Passive Income In CRYPTO - BING X Exchange Review!,https://www.youtube.com/watch?v=6f-6s1pFHTs,Bing X Exchange is one of the easiest and most reliable trading platforms that is one of the best i've seen for beginner traders to make a ...,,,"Differentiate with real tests, realised returns and evidence."
passive income crypto platforms,Organic,9,www.chainlabo.com,How to Earn Free Crypto and Passive Income Effortlessly,https://www.chainlabo.com/blog/earn-free-crypto-passive-income-without-investment,"Nov 23, 2024 — Discover ways to earn free crypto, learn about staking rewards, and explore how to generate passive income in crypto markets.",,,"Differentiate with real tests, realised returns and evidence."
passive income crypto platforms,Organic,10,www.businessinsider.com,"How to Earn Passive Income With Crypto, Get 3% to 13% ...",https://www.businessinsider.com/earn-passive-income-crypto-staking-rewards-altcoins-inflation-volatility-ethereum-2021-10,"Oct 2, 2021 — Greenberg also likes tokens of smart contracts platforms including Avalanche (AVAX), Polkadot (DOT), and Cosmos (ATOM), which generate 3.07%, ... Read more",,,"Differentiate with real tests, realised returns and evidence."
passive income crypto platforms,Organic,11,wundertrading.com,How to Make Money on Crypto Exchange,https://wundertrading.com/journal/en/how-to-make-money-on-crypto-exchange,"Apr 30, 2025 — Crypto affiliate programs allow users to earn passive income by promoting cryptocurrencies or crypto-related products. Binance, Coinbase, and  ...",,,"Differentiate with real tests, realised returns and evidence."
passive income crypto platforms,Organic,13,www.quora.com,What are your favorite cryptocurrency earning platforms ...,https://www.quora.com/What-are-your-favorite-cryptocurrency-earning-platforms-and-why,"What are your favorite cryptocurrency earning platforms, and why?",,,"Differentiate with real tests, realised returns and evidence."
passive income crypto platforms,Organic,14,programmingpercy.tech,How To Build a Passive Income with PancakeSwap,https://programmingpercy.tech/blog/how-to-build-passive-income-pancakeswap/,"Jan 7, 2022 — This is the easiest way to start earning a fully passive income, invest in crypto and let them grow into more crypto.",,,"Differentiate with real tests, realised returns and evidence."
passive income crypto platforms,People Also Ask,,,,,,How can I make $1000 a month passively?,,"Differentiate with real tests, realised returns and evidence."
passive income crypto platforms,People Also Ask,,,,,,How to make $100 a day with cryptocurrency?,,"Differentiate with real tests, realised returns and evidence."
passive income crypto platforms,People Also Ask,,,,,,How to make $500 a day with crypto?,,"Differentiate with real tests, realised returns and evidence."
passive income crypto platforms,People Also Ask,,,,,,How much money will I make if I invest $1000 in Bitcoin?,,"Differentiate with real tests, realised returns and evidence."
crypto yield platforms,Organic,2,hedera.com,A Beginner's Guide to DeFi Yield Farming,https://hedera.com/learning/defi-yield-farming/,"DeFi platforms like Curve Finance allow users to yield farm numerous types of tokens on various blockchains such as Ethereum, Bitcoin, and Polygon.",,,"Differentiate with real tests, realised returns and evidence."
crypto yield platforms,Organic,3,www.alchemy.com,List of 142 DeFi yield farming platforms (2026),https://www.alchemy.com/dapps/best/defi-yield-farming-platforms,List of DeFi yield farming platforms · Aptos · Arbitrum · Astar · Avalanche · Base · Berachain · Bitcoin · Blast. Read more,,,"Differentiate with real tests, realised returns and evidence."
crypto yield platforms,Organic,5,www.reddit.com,What is the easiest Yield Farming Platform? : r/defi,https://www.reddit.com/r/defi/comments/otocpk/what_is_the_easiest_yield_farming_platform/,"I am currently searching through a lot of decentralized DeFi/Yield Farming platforms, but a lot of them are just to hard to understand. Is there anything ...",,,"Differentiate with real tests, realised returns and evidence."
crypto yield platforms,Organic,6,de.fi,Best DeFi Yield Farming - Highest Crypto Platform APYs,https://de.fi/explore,Explore the best investment and yield farming opportunities in DeFi. ✓ We aggregate info for crypto protocols with the highest APYs across 20+ chains.,,,"Differentiate with real tests, realised returns and evidence."
crypto yield platforms,Organic,7,bitcoinfoundation.org,Top Stablecoin Yield Platforms 2026,https://bitcoinfoundation.org/news/stablecoin-news/top-stablecoin-yield-platforms/,"Jul 1, 2026 — Stablecoin yield platforms allow users to earn yields on fiat-pegged cryptocurrencies by depositing them into lending markets, liquidity pools, ...",,,"Differentiate with real tests, realised returns and evidence."
crypto yield platforms,Organic,8,www.quicknode.com,Top 10 DeFi Yield Farming Platforms in 2026,https://www.quicknode.com/builders-guide/best/top-10-defi-yield-farming-platforms,"Looking to earn passive income in crypto? Discover the best DeFi yield farming platforms offering competitive APYs, flexible staking, and multi-chain support. Read more",,,"Differentiate with real tests, realised returns and evidence."
crypto yield platforms,Organic,9,www.kraken.com,Yield Farming Explained: Your Complete Beginner's Guide,https://www.kraken.com/learn/what-is-yield-farming,"Apr 22, 2025 — Yield farming allows crypto holders to provide liquidity to DeFi protocols in exchange for rewards, with the goal of generating passive income. Read more",,,"Differentiate with real tests, realised returns and evidence."
crypto yield platforms,Organic,10,defillama.com,Yield Farming Rankings - Best DeFi APY Pools,https://defillama.com/yields,"Find the best DeFi yield farming opportunities across all chains. Compare APY rates, TVL, and pool metrics for 10000+ yield pools on Ethereum, Solana, Base, ...",,,"Differentiate with real tests, realised returns and evidence."
crypto yield platforms,Organic,11,www.coinbase.com,What is yield farming and how does it work?,https://www.coinbase.com/learn/your-crypto/what-is-yield-farming-and-how-does-it-work,"Yield farming, known as liquidity mining, is a practice in the DeFi sector where users allocate their digital assets into a DeFi protocol to receive rewards. Read more",,,"Differentiate with real tests, realised returns and evidence."
crypto yield platforms,Organic,13,www.investopedia.com,Crypto Yield Farming and Staking: How To Earn Passive ...,https://www.investopedia.com/crypto-yield-farming-and-staking-how-to-earn-passive-income-and-the-risks-11834581,Crypto staking and yield farming can earn income on your holdings—but they also come with risk. Learn how these strategies work and what to watch out for.,,,"Differentiate with real tests, realised returns and evidence."
crypto yield platforms,People Also Ask,,,,,,Which platform is best for yield farming?,,"Differentiate with real tests, realised returns and evidence."
crypto yield platforms,People Also Ask,,,,,,Which platform is the best for staking crypto?,,"Differentiate with real tests, realised returns and evidence."
crypto yield platforms,People Also Ask,,,,,,How to earn yield in crypto?,,"Differentiate with real tests, realised returns and evidence."
crypto yield platforms,People Also Ask,,,,,,Can I make $100 a day from crypto?,,"Differentiate with real tests, realised returns and evidence."
crypto staking platforms,Organic,2,www.exodus.com,"Stake Crypto, Earn Rewards",https://www.exodus.com/staking-crypto,"Earn crypto rewards for multiple assets directly in your Exodus wallet. Simple crypto staking for Ethereum, Solana, Cosmos, and more.",,,"Differentiate with real tests, realised returns and evidence."
crypto staking platforms,Organic,3,www.alchemy.com,List of 55 Crypto staking companies (2026),https://www.alchemy.com/dapps/best/crypto-staking-companies,"StakeWise is an open-source Ethereum staking platform that lets users stake ETH, receive osETH liquid staking tokens, and earn rewards. Read more",,,"Differentiate with real tests, realised returns and evidence."
crypto staking platforms,Organic,5,www.cobo.com,Best Crypto Staking Platforms: Complete Guide for 2026,https://www.cobo.com/post/best-crypto-staking-platforms,For Individual Investors · 1. Lido Finance · 2. Coinbase · 3. Kraken · 4. Rocket Pool · 5. Binance. Best for: High yields and flexibility. Binance offers both ... Read more,,,"Differentiate with real tests, realised returns and evidence."
crypto staking platforms,Organic,6,www.kraken.com,Crypto Staking | Earn staking rewards up to 21%,https://www.kraken.com/features/staking,"Stake your BTC and earn up to 1% in $BABY - without bridging or giving up custody of your Bitcoin. BTC staking on Kraken is powered by the Babylon protocol, ... Read more",,,"Differentiate with real tests, realised returns and evidence."
crypto staking platforms,Organic,7,bitcoinfoundation.org,Best Crypto Staking Platforms 2026: A Tested U.S. Review ...,https://bitcoinfoundation.org/news/opinion/best-crypto-staking-platforms/,"Jun 22, 2026 — Coinbase is one of the best crypto platforms for staking rewards for U.S. users who want simple custodial staking and clear eligibility rules. Read more",,,"Differentiate with real tests, realised returns and evidence."
crypto staking platforms,Organic,8,www.coinbase.com,What is staking?,https://www.coinbase.com/learn/crypto-basics/what-is-staking,"Staking is a way to earn rewards on your cryptocurrency by putting it to work — all you need to do is click 'stake' on Coinbase · Staking is secure, and does not ... Read more",,,"Differentiate with real tests, realised returns and evidence."
crypto staking platforms,Organic,9,www.stakingrewards.com,Staking Rewards & Yield Ratings | Compare 90+ Providers,https://www.stakingrewards.com/,The independent rating platform for staking & on-chain yield. Compare 90+ verified providers across 120+ assets. Trusted by institutions worldwide.,,,"Differentiate with real tests, realised returns and evidence."
crypto staking platforms,Organic,10,everstake.com,Crypto Staking with Everstake: Networks and Current APR,https://everstake.com/staking,Everstake lets you effortlessly stake on the most promising blockchains. Ethereum APR 3.4 - 10% staking on over 130 blockchains.,,,"Differentiate with real tests, realised returns and evidence."
crypto staking platforms,Organic,13,www.reddit.com,What would be a solid platform to stake for proven ...,https://www.reddit.com/r/CryptoCurrency/comments/1m26xfp/what_would_be_a_solid_platform_to_stake_for/,So i was asked a question by a group of friends who wants to pool 100k to 200k and stack it for monthly rewards. they are not looking for crazy returns ...,,,"Differentiate with real tests, realised returns and evidence."
crypto staking platforms,Organic,14,www.fireblocks.com,"Crypto Staking Platforms: Overview, How it Works, & Risks",https://www.fireblocks.com/blog/crypto-staking-platforms-overview-how-it-works-risks,"Nov 18, 2024 — Crypto staking platforms empower investors to earn passive income through participating in blockchain networks. Read more",,,"Differentiate with real tests, realised returns and evidence."
crypto staking platforms,People Also Ask,,,,,,Which platform is best for crypto staking?,,"Differentiate with real tests, realised returns and evidence."
crypto staking platforms,People Also Ask,,,,,,What is the most profitable crypto staking?,,"Differentiate with real tests, realised returns and evidence."
crypto staking platforms,People Also Ask,,,,,,Is staking in crypto worth it?,,"Differentiate with real tests, realised returns and evidence."
crypto staking platforms,People Also Ask,,,,,,Can I make $100 a day from crypto?,,"Differentiate with real tests, realised returns and evidence."
crypto lending platforms,Organic,2,www.figure.com,"Crypto-Backed Loan: Apply for BTC, ETH, or SOL Loans",https://www.figure.com/crypto-backed-loan/,"Figure lets you borrow cash against your Bitcoin, Ethereum, or Solana. Get same-day approval and flexible payment options, no credit score needed.",,,"Differentiate with real tests, realised returns and evidence."
crypto lending platforms,Organic,3,aave.com,"Aave — Onchain Savings, Lending and Borrowing",https://aave.com/,"Earn on your savings, borrow against your assets, and build onchain finance with Aave. Six years of uninterrupted operation, independently audited.",,,"Differentiate with real tests, realised returns and evidence."
crypto lending platforms,Organic,5,www.reddit.com,How do you choose the best crypto loan platform? : r/defi,https://www.reddit.com/r/defi/comments/1j36xa6/how_do_you_choose_the_best_crypto_loan_platform/,"Hello everyone! Have a quick question

I’ve tried crypto loans a few times, and with so many platforms available, choosing the right one can be overwhelming. ...",,,"Differentiate with real tests, realised returns and evidence."
crypto lending platforms,Organic,6,coinledger.io,12 Best Crypto Loan Providers 2026 (Expert Verified),https://coinledger.io/tools/best-companies-for-crypto-and-bitcoin-loans,"Coinbase, Ledn and Nexo are the three crypto lenders most US borrowers can actually open an account with today. Coinbase starts at around 5% APR and is ... Read more",,,"Differentiate with real tests, realised returns and evidence."
crypto lending platforms,Organic,7,www.coinbase.com,Crypto-Backed Loans,https://www.coinbase.com/borrow,Crypto-backed loans from 5.1 % · Borrowing made simple Tap into competitive interest rates. Enjoy rates as low as 5% – that's 2x lower than other crypto-backed ... Read more,,,"Differentiate with real tests, realised returns and evidence."
crypto lending platforms,Organic,8,www.experian.com,What Is a Crypto Loan and How Does It Work?,https://www.experian.com/blogs/ask-experian/what-is-crypto-lending/,"Jun 20, 2025 — Crypto lending allows you to borrow money through a cryptocurrency platform. Borrowers use crypto as collateral to get a loan, often without ... Read more",,,"Differentiate with real tests, realised returns and evidence."
crypto lending platforms,Organic,9,bitcoinfoundation.org,Best Crypto Lending Platforms in the US,https://bitcoinfoundation.org/news/opinion/best-crypto-lending-platforms-in-the-us/,"Sep 4, 2026 — Compare the best Crypto Loans platforms in the US to borrow against altcoins, review rates, LTVs, risks, and top lending options.",,,"Differentiate with real tests, realised returns and evidence."
crypto lending platforms,Organic,10,www.ledn.io,8 Best Crypto Lending Platforms in 2026,https://www.ledn.io/post/crypto-loan-platforms,"Sep 3, 2026 — The eight platforms in more detail · 1. Ledn: Bitcoin-focused, fixed-rate borrowing · 2. SALT: published US rates and longer terms · 3. Read more",,,"Differentiate with real tests, realised returns and evidence."
crypto lending platforms,Organic,11,archlending.com,"Arch Lending: Crypto-Backed Loans | Bitcoin, Ethereum ...",https://archlending.com/,"Secure loans backed by BTC, ETH and SOL from 7.25% APR. Access USD or USDC funding quickly with collateral held in a qualified custodian and no ...",,,"Differentiate with real tests, realised returns and evidence."
crypto lending platforms,Organic,13,www.kraken.com,Crypto loans: what they are and how they work,https://www.kraken.com/learn/what-are-crypto-loans,"Dec 30, 2025 — A crypto loan lets you borrow against your crypto as collateral, without selling. Learn how crypto-backed loans work, the risks, and how to ...",,,"Differentiate with real tests, realised returns and evidence."
crypto lending platforms,People Also Ask,,,,,,Which platform allows you to borrow and lend cryptocurrency?,,"Differentiate with real tests, realised returns and evidence."
crypto lending platforms,People Also Ask,,,,,,Is crypto lending worth it?,,"Differentiate with real tests, realised returns and evidence."
crypto lending platforms,People Also Ask,,,,,,Can I borrow against my XRP?,,"Differentiate with real tests, realised returns and evidence."
crypto lending platforms,People Also Ask,,,,,,Can I borrow money against crypto?,,"Differentiate with real tests, realised returns and evidence."
copy trading platforms,Organic,2,www.etoro.com,Copy top-performing investors with eToro's CopyTrader™,https://www.etoro.com/copytrader/,Do you want to invest like a pro? eToro's award-winning CopyTrader technology enables anyone to invest like a top trader.,,,"Differentiate with real tests, realised returns and evidence."
copy trading platforms,Organic,4,www.reddit.com,What Are the Best Copy Trading Platforms?,https://www.reddit.com/r/CryptoExchange/comments/1v5vpkl/what_are_the_best_copy_trading_platforms/,"Hey everyone,

I’m looking into copy trading and trying to figure out what the best copy trading platforms are.

I’m still pretty new to this and ...",,,"Differentiate with real tests, realised returns and evidence."
copy trading platforms,Organic,5,tradesyncer.com,Tradesyncer | Sync and Scale Your Futures Prop Operation,https://tradesyncer.com/,"Copy trades, manage risk and journal futures trades. ✓ Free 7 day trial ✓ Trusted by 25000+ funded traders. Start today.",,,"Differentiate with real tests, realised returns and evidence."
copy trading platforms,Organic,6,www.forexbrokers.com,7 Best Copy Trading Platforms for 2026,https://www.forexbrokers.com/guides/social-copy-trading,"Jul 1, 2026 — The best copy trading platforms are eToro, Vantage, and AvaTrade. These user-friendly brokers make it easy to browse the track records of ... Read more",,,"Differentiate with real tests, realised returns and evidence."
copy trading platforms,Organic,7,www.quicknode.com,Top 10 Copy Trading Platforms in 2026,https://www.quicknode.com/builders-guide/best/top-10-copy-trading-platforms,Copy trading platforms provide a structured way to participate in active crypto trading by leveraging the expertise of experienced traders.,,,"Differentiate with real tests, realised returns and evidence."
copy trading platforms,Organic,8,www.zulutrade.com,Copy Trade With the #1 Copy Trading Platform,https://www.zulutrade.com/copy-trading,Join ZuluTrade and experience copy-trading with a leading traders community. Discover experienced leaders globally and automatically copy their positions.,,,"Differentiate with real tests, realised returns and evidence."
copy trading platforms,Organic,9,tradecopia.com,Tradecopia - Real-time trade copier for serious traders,https://tradecopia.com/,"1 day ago — Tradecopia is a futures trade copier that replicates orders across Tradovate, NinjaTrader, Rithmic, and TopstepX in real time. Prop-firm safe ... Read more",,,"Differentiate with real tests, realised returns and evidence."
copy trading platforms,Organic,11,en.wikipedia.org,Copy trading,https://en.wikipedia.org/wiki/Copy_trading,Copy trading enables individuals in the financial markets to automatically copy positions opened and managed by other selected individuals. Read more,,,"Differentiate with real tests, realised returns and evidence."
copy trading platforms,Organic,13,tradersconnect.com,Copier,https://tradersconnect.com/copier,"Copier automates copy trading across all your accounts. Place one trade and mirror it everywhere in real time — instant, accurate, and fully under your ...",,,"Differentiate with real tests, realised returns and evidence."
copy trading platforms,Organic,14,www.investing.com,Best Copy Trading Platforms in the U.S. – September 2026,https://www.investing.com/brokers/copy-trading/,In-Depth Broker Reviews · Capital.com – Best for Low-Cost CFD Copy Trading · eToro – Best Overall Copy Trading Platform for Beginners · Pepperstone – Best for ... Read more,,,"Differentiate with real tests, realised returns and evidence."
copy trading platforms,People Also Ask,,,,,,Which is the best copy trading platform?,,"Differentiate with real tests, realised returns and evidence."
copy trading platforms,People Also Ask,,,,,,Can you make $1000 a day with day trading?,,"Differentiate with real tests, realised returns and evidence."
copy trading platforms,People Also Ask,,,,,,Is copy trading really profitable?,,"Differentiate with real tests, realised returns and evidence."
copy trading platforms,People Also Ask,,,,,,What is the best website for copy trading?,,"Differentiate with real tests, realised returns and evidence."
AI trading platforms,Organic,3,www.streetinsider.com,Uren Capitrace Officially Launches Its AI-Powered Trading ...,https://www.streetinsider.com/Evertise+Financial/Uren+Capitrace+Officially+Launches+Its+AI-Powered+Trading+Platform%2C+Bringing+Intelligent+Market+Analysis+to+Canadian+Investors+in+2026/26662109.html,"Jun 18, 2026 — Capitrace is an AI-powered trading platform designed to help investors navigate modern financial markets through intelligent automation, real- ...",,,"Differentiate with real tests, realised returns and evidence."
AI trading platforms,Organic,4,www.financemagnates.com,Top Trading Platforms for Brokers in 2026,https://www.financemagnates.com/forex/top-trading-platforms-for-brokers-in-2026/,"Mar 2, 2026 — The top trading platforms for brokers in 2026 include MetaTrader 5, cTrader by Spotware, DXtrade and Match-Trader. These platforms are widely ...",,,"Differentiate with real tests, realised returns and evidence."
AI trading platforms,Organic,6,tickeron.com,Best free stock screener: Bridging the Gap for Retail Investors,https://tickeron.com/trading-investing-101/learn-how-to-use-screener-effective-stock-analysis/,"Discover Tickeron's AI-powered Trend Trading bots, designed to assist hedge fund managers and experts in identifying undervalued stocks and managing risks. Read more",,,"Differentiate with real tests, realised returns and evidence."
AI trading platforms,Organic,7,coinrule.com,Shrimpy vs Autoview vs Coinrule,https://coinrule.com/versus/shrimpy-vs-autoview-vs-coinrule/,"Automated trading platforms are software that allow you to automate your trading strategies. . In this article, we will compare Shrimpy, Autoview, and Coinrule ...",,,"Differentiate with real tests, realised returns and evidence."
AI trading platforms,Organic,8,arxiv.org,FinRL-X: An AI-Native Modular Infrastructure for ...,https://arxiv.org/html/2603.21330v1,"Mar 22, 2026 — FinRL-X is a modular, deployment-oriented trading platform that structures the quantitative trading workflow into four layers—data, strategy, ... Read more",,,"Differentiate with real tests, realised returns and evidence."
AI trading platforms,Organic,10,www.wftv.com,What happens to your money if your AI trading agent ...,https://www.wftv.com/news/what-happens-your/76DGXPURQUZDZBNRZTVFNDBVFE/,"Aug 27, 2026 — Robinhood, Public, SoFi, Coinbase and Webull all rolled out AI trading agents to retail customers this year: Platform: Public (Agents) Platform ...",,,"Differentiate with real tests, realised returns and evidence."
AI trading platforms,Organic,11,cyprus-mail.com,Best AI crypto trading platforms of 2026,https://cyprus-mail.com/2026/07/06/best-ai-crypto-trading-platforms-of-2026-comprehensive-reviews-of-top-automated-trading-platforms,"Jul 6, 2026 — This article provides a comprehensive comparison and analysis of AI-powered cryptocurrency trading platforms worth watching in 2026.",,,"Differentiate with real tests, realised returns and evidence."
AI trading platforms,Organic,13,www.instagram.com,Here's a quick view of the MOB A.I Trading Terminal's 33 ...,https://www.instagram.com/reel/DbtLsSctGrS/,"Um it's going to bring you over here to our 33 different strategies. Now, mind you, each of these strategies have an AI scanner attached to it.",,,"Differentiate with real tests, realised returns and evidence."
AI trading platforms,Organic,14,www.altrady.com,Online Crypto Trading Platforms: An Overview,https://www.altrady.com/blog/crypto-trading-tools/online-platforms,"Dec 23, 2024 — Explore the top crypto trading platforms, from all-in-one solutions like Altrady to specialized tools for bots, automation, and portfolio ...",,,"Differentiate with real tests, realised returns and evidence."
AI trading platforms,Organic,15,www.slideshare.net,Guide: AI Trading Tools Explained (2026 Edition) | PDF,https://www.slideshare.net/slideshow/guide-ai-trading-tools-explained-2026-edition/286494781,"Discover how AI is changing the way traders approach the markets in 2026. This PDF explains what AI trading tools are, why they have become popular, ...",,,"Differentiate with real tests, realised returns and evidence."
AI trading platforms,People Also Ask,,,,,,Do AI trading really work?,,"Differentiate with real tests, realised returns and evidence."
AI trading platforms,People Also Ask,,,,,,Can you make $1000 a day with day trading?,,"Differentiate with real tests, realised returns and evidence."
AI trading platforms,People Also Ask,,,,,,Does AI trading pay real money?,,"Differentiate with real tests, realised returns and evidence."
AI trading platforms,People Also Ask,,,,,,Which AI app is best for trading?,,"Differentiate with real tests, realised returns and evidence."
investment withdrawal proof,Organic,2,www.mackenzieinvestments.com,Investment withdrawal calculator,https://www.mackenzieinvestments.com/en/resources/tools-and-calculators/investment-withdrawal-calculator,Calculate how long an investment will last when you make regular withdrawals. Enter the current investment value or calculate a future value,,,Lead with first-party withdrawal evidence + live score history.
investment withdrawal proof,Organic,4,www.pinterest.com,Withdrawal Successful,https://www.pinterest.com/ideas/withdrawal-successful/946997455541/,Find and save ideas about withdrawal successful on Pinterest. Proof Investment Withdrawal Proof,,,Lead with first-party withdrawal evidence + live score history.
investment withdrawal proof,Organic,5,www.blackrock.com,Retirement withdrawal rules and strategies,https://www.blackrock.com/us/individual/education/retirement/withdrawal-rules-and-strategies,"Common approaches include the 4% rule, fixed-dollar withdrawals, fixed-percentage withdrawals, systematic withdrawals, and bucket strategies.",,,Lead with first-party withdrawal evidence + live score history.
investment withdrawal proof,Organic,6,www.fidelity.com,How can I make my retirement savings last?,https://www.fidelity.com/viewpoints/retirement/how-long-will-savings-last,"You should plan on withdrawing no more than 4% to 5% of your retirement savings each year, as general rule.",,,Lead with first-party withdrawal evidence + live score history.
investment withdrawal proof,Organic,7,www.tiaa.org,How to withdraw money in retirement,https://www.tiaa.org/public/transitioners/how-to-withdraw-money-in-retirement,"The withdrawal strategy that's right for you depends on your age, income needs, and how comfortable you are with the level of risk in your investment mix. Read more",,,Lead with first-party withdrawal evidence + live score history.
investment withdrawal proof,Organic,8,www.cnbankpa.com,Investment Savings & Distributions Calculator,https://www.cnbankpa.com/Resource-Center/Tools/Calculators/Investment-Savings-and-Distributions,This calculator will then plot your investment savings total year-by-year. You can then determine how much your investment savings could be worth and over what ...,,,Lead with first-party withdrawal evidence + live score history.
investment withdrawal proof,Organic,9,www.schwab.com,How to Plan Your Retirement Withdrawal Strategy,https://www.schwab.com/learn/story/plan-your-retirement-withdrawal-strategy,"Next, withdraw any interest and dividends generated by investments in your taxable accounts. Interest is taxed as ordinary income (unless it's from a tax ... Read more",,,Lead with first-party withdrawal evidence + live score history.
investment withdrawal proof,Organic,10,www.investopedia.com,What Is the 4% Rule for Withdrawals in Retirement?,https://www.investopedia.com/terms/f/four-percent-rule.asp,"The 4% rule is a retirement guideline suggesting you can withdraw 4% of your retirement savings in the first year, then adjust for inflation annually, ideally ...",,,Lead with first-party withdrawal evidence + live score history.
investment withdrawal proof,Organic,11,www.investor.gov,Investor.gov: Home,https://www.investor.gov/,"Ask a question or report a problem concerning your investments, your investment account or a financial professional. ... Find out how much you are required to ... Read more",,,Lead with first-party withdrawal evidence + live score history.
investment withdrawal proof,Organic,13,www.youtube.com,How To Build Your Safe Withdrawal Strategy—5 Simple Steps,https://www.youtube.com/watch?v=YpwcxQi6DIY,,,,Lead with first-party withdrawal evidence + live score history.
investment withdrawal proof,People Also Ask,,,,,,What is the rule for withdrawal from investments?,,Lead with first-party withdrawal evidence + live score history.
investment withdrawal proof,People Also Ask,,,,,,"What percent of Americans retire with $1,000,000?",,Lead with first-party withdrawal evidence + live score history.
investment withdrawal proof,People Also Ask,,,,,,Do banks still use withdrawal slips?,,Lead with first-party withdrawal evidence + live score history.
investment withdrawal proof,People Also Ask,,,,,,Do I need to show proof to withdraw from my 401k?,,Lead with first-party withdrawal evidence + live score history.
payout proof,Organic,2,payoutjunction.com,Payout Junction | Largest Verified Prop Firm Payout Database,https://payoutjunction.com/,Payout Junction is an independent tracker of prop firm trader payouts that settle on public blockchains and holds the largest database of blockchain-verified ... Read more,,,Lead with first-party withdrawal evidence + live score history.
payout proof,Organic,3,propfirmmatch.com,Prop Firm Payouts Analytics,https://propfirmmatch.com/payouts,"Compare payout times, payout totals, and payout history across prop firms. The Prop Firm Payouts Tracker shows tracked payout records across prop firms,",,,Lead with first-party withdrawal evidence + live score history.
payout proof,Organic,4,traderssecondbrain.com,Prop Firm Payout Proof: Which Firms Actually Pay?,https://traderssecondbrain.com/guides/prop-firm-payout-proof,"Evidence-led prop firm payout proof: what official statistics, exact program terms, complete receipts and court records can—and cannot—verify in 2026.",,,Lead with first-party withdrawal evidence + live score history.
payout proof,Organic,5,www.topstep.com,Eliminate Fake Flexes with Topstep's Verified POP Cards,https://www.topstep.com/blog/prop-firm-payout-proof,"May 21, 2026 — A Stacked Proof of Payout (POP) Card automatically combines all approved payouts from the same trading day into one downloadable, shareable card ... Read more",,,Lead with first-party withdrawal evidence + live score history.
payout proof,Organic,6,www.facebook.com,"CoinGate - ""Fastest prop firm payouts. ...",https://www.facebook.com/coingatecom/photos/fastest-prop-firm-payoutsprop-firm-payout-proofthose-are-real-search-phrases-typ/1771866227705589/,"CoinGate - ""Fastest prop firm payouts."" ""Prop firm payout proof."" Those are real search phrases, typed month after month by real traders.",,,Lead with first-party withdrawal evidence + live score history.
payout proof,Organic,9,propscholar.com,Verified Payout Proof,https://propscholar.com/payout-proof,Every PropScholar payout certificate on this page is real and independently verifiable. Scan the QR code or enter the verification code to confirm the ...,,,Lead with first-party withdrawal evidence + live score history.
payout proof,Organic,10,www.reddit.com,Is anybody willing to prove that they are getting paid by ...,https://www.reddit.com/r/Daytrading/comments/15kec86/is_anybody_willing_to_prove_that_they_are_getting/,"Is there anybody here who is being successful with prop firms, who is regularly getting paid by them and who is willing to prove it (whether publicly ...",,,Lead with first-party withdrawal evidence + live score history.
payout proof,Organic,11,cryptoslate.com,"How Do Prop Firm Payouts Work? Rules, Splits and ...",https://cryptoslate.com/guides/prop-firm-payouts/,"Sep 1, 2026 — What Counts as Payout Proof? Prop firms do make real monetary payouts when traders meet the applicable agreement. This includes rewards based ...",,,Lead with first-party withdrawal evidence + live score history.
payout proof,Organic,13,thepropfirmguide.com,Do Prop Firms Actually Pay Out? On-Chain Proof 2026,https://thepropfirmguide.com/do-prop-firms-actually-pay-out/,"Jul 2, 2026 — Verified on-chain proof from 43 prop firms. See which pay reliably, which to avoid, and how to check any firm before you buy an evaluation.",,,Lead with first-party withdrawal evidence + live score history.
payout proof,Organic,14,fxnx.com,Prop Firm Payout Proof 2026: A Trader's Verification Guide,https://fxnx.com/en/blog/prop-firm-payout-proof-2026-verify-before-you-pay,"Jun 13, 2026 — A crypto transaction ID (TXID) is one of the most reliable forms of proof because it can be independently verified on a public blockchain. Read more",,,Lead with first-party withdrawal evidence + live score history.
payout proof,People Also Ask,,,,,,Does TopStep provide proof of payout?,,Lead with first-party withdrawal evidence + live score history.
payout proof,People Also Ask,,,,,,How hard is it to get a payout from a prop firm?,,Lead with first-party withdrawal evidence + live score history.
payout proof,People Also Ask,,,,,,What is a prop firm payout certificate?,,Lead with first-party withdrawal evidence + live score history.
payout proof,People Also Ask,,,,,,Can you track the payouts of prop firms?,,Lead with first-party withdrawal evidence + live score history.
investment recovery calculator,Organic,2,www.graphcalc.com,Payback Period Calculator,https://www.graphcalc.com/payback-period-calculator/,"A Payback Period Calculator is a tool that automatically computes the time needed to recover an investment, based on initial cost and projected cash inflows.",,,"Differentiate with real tests, realised returns and evidence."
investment recovery calculator,Organic,4,madtech.ai,iPaaS ROI Calculator,https://madtech.ai/ipaas-roi-calculator/,3 days ago — This calculator will help you to determine the investment return on investing in and improving the quality of your own first party data.,,,"Differentiate with real tests, realised returns and evidence."
investment recovery calculator,Organic,5,willitrecover.com,"Recovery Calculators: Path, Break-Even, Market Cap & Liquidity",https://willitrecover.com/tools.php,"Free recovery calculators for required return, contributions, fees, inflation, break-even gain, market capitalisation and realistic liquid value.",,,"Differentiate with real tests, realised returns and evidence."
investment recovery calculator,Organic,6,intelcalculator.com,Payback Period Calculator | Measure Your Investment Return,https://intelcalculator.com/finance/payback-period-calculator/,"Mar 24, 2026 — The Payback Period Calculator is a digital tool that automates investment recovery calculations. You enter your initial investment amount ... Read more",,,"Differentiate with real tests, realised returns and evidence."
investment recovery calculator,Organic,7,optivus.io,Free Financial Calculators - OPTIVUS,https://optivus.io/en/financial-tools,Investment recovery Payback period See how long an initial investment takes to return through net cash flow.,,,"Differentiate with real tests, realised returns and evidence."
investment recovery calculator,Organic,8,pearto.com,Investment Loss Recovery - Pearto,https://pearto.com/tools/investment-recovery/,Gain needed to recover a percentage loss = loss / (100 − loss) × 100. Enter your own values; the result updates only when you run the tool.,,,"Differentiate with real tests, realised returns and evidence."
investment recovery calculator,Organic,9,tools.kilocell.xyz,Investment return ROI Calculator - Recovery period and ...,https://tools.kilocell.xyz/tools/business/roi.html,"Enter investment and return parameters, see ROI immediately, annualized rate of return, recovery period and investment multiple (local calculation).",,,"Differentiate with real tests, realised returns and evidence."
investment recovery calculator,Organic,10,www.youtube.com,Your Retirement Calculator Is LYING to You,https://www.youtube.com/shorts/XTCLkn2PBcM,Your retirement calculator may be showing you the average return. It's called **sequence-of-returns risk**. leaving fewer investments available ...,,,"Differentiate with real tests, realised returns and evidence."
investment recovery calculator,Organic,11,www.facebook.com,𝐘𝐨𝐮'𝐫𝐞 𝐧𝐨𝐭 𝐥𝐨𝐬𝐢𝐧𝐠 𝐣𝐨𝐛𝐬 𝐛𝐞𝐜𝐚𝐮𝐬𝐞 ...,https://www.facebook.com/workiz/posts/%F0%9D%90%98%F0%9D%90%A8%F0%9D%90%AE%F0%9D%90%AB%F0%9D%90%9E-%F0%9D%90%A7%F0%9D%90%A8%F0%9D%90%AD-%F0%9D%90%A5%F0%9D%90%A8%F0%9D%90%AC%F0%9D%90%A2%F0%9D%90%A7%F0%9D%90%A0-%F0%9D%90%A3%F0%9D%90%A8%F0%9D%90%9B%F0%9D%90%AC-%F0%9D%90%9B%F0%9D%90%9E%F0%9D%90%9C%F0%9D%90%9A%F0%9D%90%AE%F0%9D%90%AC%F0%9D%90%9E-%F0%9D%90%B2%F0%9D%90%A8%F0%9D%90%AE%F0%9D%90%AB%F0%9D%90%9E-%F0%9D%90%9B%F0%9D%90%9A%F0%9D%90%9D-%F0%9D%90%9A%F0%9D%90%AD-%F0%9D%90%B0%F0%9D%90%A1%F0%9D%90%9A%F0%9D%90%AD-%F0%9D%90%B2%F0%9D%90%A8%F0%9D%90%AE-%F0%9D%90%9D%F0%9D%90%A8%F0%9D%90%98%F0%9D%90%A8%F0%9D%90%AE%F0%9D%90%AB%F0%9D%90%9E-%F0%9D%90%A5%F0%9D%90%A8%F0%9D%90%AC%F0%9D%90%A2%F0%9D%90%A7%F0%9D%90%A0-%F0%9D%90%AD%F0%9D%90%A1%F0%9D%90%9E%F0%9D%90%A6-%F0%9D%90%9B%F0%9D%90%9E%F0%9D%90%9C%F0%9D%90%9A%F0%9D%90%AE%F0%9D%90%AC%F0%9D%90%9E-/1214455617355677/,"This isn't just a calculator ; it's a revenue recovery engine. It takes your specific business numbers—like your industry, average job size ...",,,"Differentiate with real tests, realised returns and evidence."
investment recovery calculator,Organic,12,www.linkedin.com,The amortization calculator - Microsoft Excel Video Tutorial,https://www.linkedin.com/learning/pre-investing-before-investing-in-real-estate/the-amortization-calculator,"Hey guys, in this lecture, we're going to take a look at the loan amortization calculator or loan amortization schedule.",,,"Differentiate with real tests, realised returns and evidence."
investment recovery calculator,People Also Ask,,,,,,How much does my stock need to recover from a loss of 30%?,,"Differentiate with real tests, realised returns and evidence."
investment recovery calculator,People Also Ask,,,,,,"How much will $100,000 invested be worth in 20 years?",,"Differentiate with real tests, realised returns and evidence."
investment recovery calculator,People Also Ask,,,,,,How to calculate recovery period?,,"Differentiate with real tests, realised returns and evidence."
investment recovery calculator,People Also Ask,,,,,,What is a good ROI for 5 years?,,"Differentiate with real tests, realised returns and evidence."
crypto yield calculator,Organic,1,www.datawallet.com,"Crypto Staking Calculator: APY, Rewards & Yield (2026)",https://www.datawallet.com/crypto-staking-calculator,"Use our free staking calculator to see how much your crypto will earn. It compounds daily and shows real yield after inflation, fees, and commission.",,,"Differentiate with real tests, realised returns and evidence."
crypto yield calculator,Organic,2,coincodex.com,Crypto APY Calculator,https://coincodex.com/tools/crypto-apy-calculator/,Determine the potential annual percentage yield on your cryptocurrency investments with our easy-to-use crypto APY calculator.,,,"Differentiate with real tests, realised returns and evidence."
crypto yield calculator,Organic,3,earnpark.com,Crypto Staking Calculator 2026 ► Free APY & Compound ...,https://earnpark.com/en/crypto-stacking-calculator/,"Simply enter your investment amount, staking period, and crypto asset. Get instant estimates for: APY (Annual Percentage Yield); APR (Annual Percentage Rate) ... Read more",,,"Differentiate with real tests, realised returns and evidence."
crypto yield calculator,Organic,4,coinstats.app,Crypto Profit Calculator,https://coinstats.app/crypto-profit-calculator/,Plan future investments or daydream about gains with the Crypto Investment Calculator by CoinStats. BTC. ETH. BNB. Read more,,,"Differentiate with real tests, realised returns and evidence."
crypto yield calculator,Organic,5,www.stakingrewards.com,Crypto Staking Calculator — Live APY Rates,https://www.stakingrewards.com/calculator,"This crypto staking calculator estimates what your holdings would earn across more than 90 proof-of-stake assets. Pick an asset, enter an amount, ... Read more",,,"Differentiate with real tests, realised returns and evidence."
crypto yield calculator,Organic,7,de.fi,Crypto APR to APY Calculator - Simple DeFi Tools,https://de.fi/explore/apr-apy-calculator,"To calculate APR in the crypto context, you simply divide the total interest paid or received over a year by the initial amount of the loan or investment.",,,"Differentiate with real tests, realised returns and evidence."
crypto yield calculator,Organic,8,www.coingecko.com,Impermanent Loss and APY Calculator Crypto,https://www.coingecko.com/en/impermanent-loss-calculator,"Use our impermanent loss calculator to estimate your loss on liquidity pools, and APY calculator to evaluate the rate of return on investments over a year.",,,"Differentiate with real tests, realised returns and evidence."
crypto yield calculator,Organic,9,www.spark.money,"Staking Rewards Calculator: ETH, SOL, ADA, DOT Earnings",https://www.spark.money/tools/staking-calculator,"Calculate staking rewards for Ethereum, Solana, Cardano, Polkadot, and more. Estimate daily, monthly, and yearly earnings based on amount staked and APY.",,,"Differentiate with real tests, realised returns and evidence."
crypto yield calculator,Organic,10,www.coininterestrate.com,Crypto Yield Calculator,https://www.coininterestrate.com/stablecoin-yield-calculator/,"Calculate crypto yield earnings from yield accounts. Supporting BTC, ETH, SOL, Litecoin, Dogecoin, XRP and Stablecoins USDC and USDT.",,,"Differentiate with real tests, realised returns and evidence."
crypto yield calculator,Organic,12,codepen.io,Yield Farming Calculator,https://codepen.io/jordancolena/full/dyxrerp,"CodePen Home CodePen Home · Sign UpLog In · Edit Pen. {""__browser"":{""country"":""US"",""device"":""unknown"",""mobile"":true,""name"":""chrome"",""platform"":""android"" ... Read more",,,"Differentiate with real tests, realised returns and evidence."
HYIP monitor,Organic,1,www.hyipexplorer.com,HYIP Monitor - The Best High Yield Investment Programs,https://www.hyipexplorer.com/,"High-yield investment programs (HYIPs) promise exceptional returns, often 10% to 90% annually, far surpassing traditional investments like stocks or bonds.",,,Lead with first-party withdrawal evidence + live score history.
HYIP monitor,Organic,2,dfpi.ca.gov,High Yield Investment Programs (HYIPs) – Don't Get Scammed,https://dfpi.ca.gov/news/insights/high-yield-investment-programs-hyips-dont-get-scammed/,High Yield Investment Programs (HYIPs) are Ponzi schemes that promise passive income and high returns in short periods of time. HYIPs often involve crypto ... Read more,,,Lead with first-party withdrawal evidence + live score history.
HYIP monitor,Organic,3,media-index.kochava.com,18+ Best Hyip Advertising Companies in 2026,https://media-index.kochava.com/s/hyip,"HYIP Monitor : Best HYIP Analysis & Rating Service Desktop Display, Mobile Display, Email, Social CPM Mobile Display, Email, Social CPM",,,Lead with first-party withdrawal evidence + live score history.
HYIP monitor,Organic,4,www.hyip.biz,HYIP monitor - Check the best HYIPs on all HYIP monitors,https://www.hyip.biz/,"As the largest HYIP monitoring hub and database, HYIP.BIZ collects all HYIPs at the most popular monitors so you can view analysis, project scores, ...",,,Lead with first-party withdrawal evidence + live score history.
HYIP monitor,Organic,5,medium.com,HYIP Monitors: Can You Trust the Watchdogs of High-Yield ...,https://medium.com/@invest.expert/hyip-monitoring-the-unreliable-narrators-of-a-treacherous-industry-4193bba5f109,"A HYIP monitor, at its core, is an affiliate marketing business. Their primary function is to track the payment status of various HYIPs.",,,Lead with first-party withdrawal evidence + live score history.
HYIP monitor,Organic,6,www.behance.net,Hyip Monitor Investment Projects,https://www.behance.net/search/projects/hyip%20monitor%20investment,Behance is the world's largest creative network for showcasing and discovering creative hyip monitor investment work.,,,Lead with first-party withdrawal evidence + live score history.
HYIP monitor,Organic,7,www.investor.gov,High-Yield Investment Programs,https://www.investor.gov/introduction-investing/investing-basics/glossary/high-yield-investment-programs,High-Yield Investment Programs (HYIP) are unregistered investments typically run by unlicensed individuals – and they are often frauds.,,,Lead with first-party withdrawal evidence + live score history.
HYIP monitor,Organic,8,www.quora.com,What is a HYIP monitor?,https://www.quora.com/What-is-a-HYIP-monitor,What is a HYIP monitor?,,,Lead with first-party withdrawal evidence + live score history.
HYIP monitor,Organic,9,investorsstartpage.com,InvestorsStartPage.com — Main,https://investorsstartpage.com/,"InvestorsStartPage.com is the industry leader, the world's largest independent aggregator of information on pseudo-investment projects. Founded in 2014. The ... Read more",,,Lead with first-party withdrawal evidence + live score history.
HYIP monitor,Organic,12,www.allhyipmonitors.com,All HYIP Monitors .com - Check your investment status on all ...,https://www.allhyipmonitors.com/,Our system will help you monitor HYIPs on all monitors they are listed on at once and found the best HYIP programs and avoid HYIP Scams. Just enter program ... Read more,,,Lead with first-party withdrawal evidence + live score history.
HYIP reviews,Organic,2,dfpi.ca.gov,High Yield Investment Programs (HYIPs) – Don't Get Scammed,https://dfpi.ca.gov/news/insights/high-yield-investment-programs-hyips-dont-get-scammed/,"HYIPs often promise low risk and very high returns on an annual, monthly, weekly, or daily basis. Overly consistent returns Investments tend to go up and down ...",,,Lead with first-party withdrawal evidence + live score history.
HYIP reviews,Organic,3,www.hyipexplorer.com,The Best Rated HYIPs,https://www.hyipexplorer.com/rated/,"This section presents the most popular HYIP projects rating, based on reviews and personal investor experience. You can find HYIP reviews and more when you ...",,,Lead with first-party withdrawal evidence + live score history.
HYIP reviews,Organic,5,www.investor.gov,High-Yield Investment Programs,https://www.investor.gov/protect-your-investments/fraud/types-fraud/high-yield-investment-programs,"A HYIP website might promise annual (or even monthly, weekly, or daily!) returns of 30 or 40 percent – or more. Some of these scams may use the term “prime bank ... Read more",,,Lead with first-party withdrawal evidence + live score history.
HYIP reviews,Organic,6,www.hyip.com,Top Rated,https://www.hyip.com/rated/,"This section presents the most popular HYIP projects rating, based on reviews and personal investor experience. Before investing in a particular HYIP ... Read more",,,Lead with first-party withdrawal evidence + live score history.
HYIP reviews,Organic,7,kkc.com,A Guide to Reporting High-Yield Investment Program ...,https://kkc.com/frequently-asked-questions/a-guide-to-reporting-high-yield-investment-program-hyip-fraud/,"A High-Yield Investment Program (HYIP) is a fraudulent investment scheme that promises unrealistic returns, often exceeding 100% of the initial investment,",,,Lead with first-party withdrawal evidence + live score history.
HYIP reviews,Organic,8,medium.com,Making Sense of HYIP Ratings and Top Lists,https://medium.com/@invest.expert/decoding-the-oracle-making-sense-of-hyip-ratings-and-top-lists-7026201f7016,A deep dive into HYIP ratings and 'top project' lists. Learn to analyze these metrics to make smarter choices.,,,Lead with first-party withdrawal evidence + live score history.
HYIP reviews,Organic,9,www.ctm360.com,HYIPs: High Yield Investment Platforms & Risks Explained,https://www.ctm360.com/reports/hyip-risk,"Discover the dangers of High-Yield Investment Programs (HYIPs), their Ponzi-like structure, and why “too good to be true” returns often lead to losses.",,,Lead with first-party withdrawal evidence + live score history.
HYIP reviews,Organic,10,www.trustpilot.com,Read Customer Service Reviews of hyipnews.com,https://www.trustpilot.com/review/hyipnews.com,"Aug 19, 2017 — Breaking news and surveys on HYIP industry … hyip reviews since 2003. Average TrustScore 3.5 out of 5 2 reviews. See how their reviews and  ...",,,Lead with first-party withdrawal evidence + live score history.
HYIP reviews,Organic,12,www.quora.com,Is there anyone who earned money from hyip sites?,https://www.quora.com/Is-there-anyone-who-earned-money-from-hyip-sites,"HYIP investment returns (10%-30% per MONTH) are wildly unrealistic. They are classic Ponzi Schemes, where money from new investors is used to ... Read more",,,Lead with first-party withdrawal evidence + live score history.
HYIP reviews,Organic,13,corporatefinanceinstitute.com,High-Yield Investment Program (HYIP),https://corporatefinanceinstitute.com/resources/capital_markets/high-yield-investment-program-hyip/,"Feb 8, 2021 — A high-yield investment program (HYIP) is an unregistered investment vehicle that promises significantly higher returns with little or no risk. Read more",,,Lead with first-party withdrawal evidence + live score history.
Winvest review,Organic,2,www.wikifx.com,Is Winvest Safe or a Scam? Review (2026),https://www.wikifx.com/en/dealer/safety/winvest-safe-or-scam,"Winvest exhibits overall weak performance, not recommended for risk-sensitive investors, with a composite score of only 1.58, operates without a forex trading ...",,,"Differentiate with real tests, realised returns and evidence."
Winvest review,Organic,5,au.trustpilot.com,Winvest Capital Reviews,https://au.trustpilot.com/review/winvestcapital.nl,"Dec 19, 2023 — Do you agree with Winvest Capital's 4-star rating? Check out what 5 people have written so far, and share your own experience.",,,"Differentiate with real tests, realised returns and evidence."
Winvest review,Organic,6,www.youtube.com,Winvest Review: Small Town Investor Experience,https://www.youtube.com/watch?v=GoMvRXxUduY,Winvest gave me access to investing opportunities I thought were out of reach. the app's ease of use lets me invest right from my phone without ...,,,"Differentiate with real tests, realised returns and evidence."
Winvest review,Organic,7,www.facebook.com,"Winvest Review: Built for Busy Professionals (Doctors, Lawyers ...",https://www.facebook.com/CogiCryptoVerse/videos/winvest-review-built-for-busy-professionals-doctors-lawyers-pilots-bankers-engin/1383274569967467/,Winvest's AI takes care of trading for me. I can check in at my convenience and see the progress. I also appreciate the security and ...,,,"Differentiate with real tests, realised returns and evidence."
Winvest review,Organic,8,m.fastbull.com,Winvest Brokers Review 2026,https://m.fastbull.com/brokersview/brokers/winvest-brokers,"Before you deposit, read our Winvest Brokers review. We expose the truth about their trading platform, reported withdrawal issues, and high-risk warnings.",,,"Differentiate with real tests, realised returns and evidence."
Winvest review,Organic,9,cryptoscobra.com,"Winvest Review: Is It Safe? Returns, Fees & My Experience",https://cryptoscobra.com/blog/winvest-review-is-winvest-a-legit-crypto-platform-or-a-scam,"Jul 23, 2026 — ​The core promise of the Winvest app and website is simple but highly aggressive: a guaranteed 3% daily return on investment. The platform ... Read more",,,"Differentiate with real tests, realised returns and evidence."
Winvest review,Organic,10,www.youtube.com,Winvest Review: Peace of mind through Transparency.,https://www.youtube.com/watch?v=gxtdebkpSpU,Winvest is your partner in financial success. Winvest Review: Peace of mind through Transparency.,,,"Differentiate with real tests, realised returns and evidence."
Winvest review,Organic,11,www.instagram.com,Winvest Review,https://www.instagram.com/reel/DTvXckODOA3/,"Winvest stands out as the best by far. The returns I'm getting are noticeably higher than what I saw elsewhere. Plus, the platform's is in safe ...",,,"Differentiate with real tests, realised returns and evidence."
Winvest review,Organic,12,www.wikifx.com,Winvest Review What Traders Should Know Before ...,https://www.wikifx.com/en/zhuanti/news/winvest-review-what-traders-should-know-before-depositing.html,"Winvest promotes AI-powered Bitcoin investing and a guaranteed 3% daily return, but its corporate structure, regulation and public record raise serious ...",,,"Differentiate with real tests, realised returns and evidence."
Winvest review,Organic,13,www.facebook.com,Winvest Review: A Chef's Simple Investing Routine I'm ...,https://www.facebook.com/winvestai/posts/winvest-review-a-chefs-simple-investing-routineim-a-chef-not-a-finance-guy-but-w/122121347943037813/,"I was surprised at how simple and effective it is. The impressive returns have definitely added some spice to my savings. In my book, Winvest ... Read more",,,"Differentiate with real tests, realised returns and evidence."
Winvest review,People Also Ask,,,,,,Is Vinovest legitimate?,,"Differentiate with real tests, realised returns and evidence."
Winvest review,People Also Ask,,,,,,What are people saying about the Trading 212 app?,,"Differentiate with real tests, realised returns and evidence."
Winvest withdrawal,Organic,2,winvest.com,"Winvest FAQ | Accounts, Investments, Withdrawals & Security",https://winvest.com/frequently-asked-questions,"Winvest doesn't charge withdrawal fees, Withdrawal requests are processed within 24 hours of submission; Winvest charges no withdrawal fee (standard network ...",,,Lead with first-party withdrawal evidence + live score history.
Winvest withdrawal,Organic,3,winvest.com,Getting Started with Winvest | Account & Investment Guide,https://winvest.com/getting-started,"Processing time: Winvest processes withdrawal requests witjin 24 hours. There are no withdrawal fees, so the amount you request is exactly what you will receive ... Read more",,,Lead with first-party withdrawal evidence + live score history.
Winvest withdrawal,Organic,4,winvest.com,Winvest | AI-Powered Bitcoin Investment Platform,https://winvest.com/,"Jul 15, 2026 — Earnings can be withdrawn daily in Bitcoin with no hidden fees or withdrawal limits, and the platform imposes no taxes or additional charges, ... Read more",,,Lead with first-party withdrawal evidence + live score history.
Winvest withdrawal,Organic,6,winvest.com,Winvest Service Agreement | Terms of Use,https://winvest.com/service-agreement,Withdrawals are typically processed within 24 hours. Winvest will not delay payouts unreasonably and will communicate any issues should they arise. Winvest ...,,,Lead with first-party withdrawal evidence + live score history.
Winvest withdrawal,Organic,7,www.facebook.com,"I pressed withdraw—and within seconds, the funds were ...",https://www.facebook.com/iand.carson/posts/i-pressed-withdrawand-within-seconds-the-funds-were-sitting-in-my-wallet-this-wa/28908285295464349/,✅Withdrawal will now be only once a month. can spread your withdrawal dates and can withdraw every week,,,Lead with first-party withdrawal evidence + live score history.
Winvest withdrawal,Organic,8,www.binance.com,Winvest.com Review: Operational Overview of 3% Daily Profit,https://www.binance.com/en/square/post/293012424421442,"Feb 18, 2026 — In its FAQ, withdrawals are available 24/7 once your Available Balance reaches a $1 minimum, with no stated maximum. Requests are described as ... Read more",,,Lead with first-party withdrawal evidence + live score history.
Winvest withdrawal,Organic,9,winvest.com,"Winvest Referral Program | Tiers, Commissions & Rules",https://winvest.com/referral-program,"As soon as a referred individual makes a deposit, your commission is credited to your account and becomes available for withdrawal or reinvestment at your ... Read more",,,Lead with first-party withdrawal evidence + live score history.
Winvest withdrawal,Organic,10,www.facebook.com,Winvest,https://www.facebook.com/winvestai/posts/winvest-review-my-withdrawal-experiencei-was-stunned-by-how-fast-i-got-my-money-/122122051725037813/,"Winvest Review: My Withdrawal Experience I was stunned by how fast I got my money when I withdrew from Winvest, it hit my bank the same day.",,,Lead with first-party withdrawal evidence + live score history.
Winvest withdrawal,Organic,11,winvest.com,"Winvest Privacy Policy | Data Collection, Use & Protection",https://winvest.com/privacy-policy,"Withdrawal of Consent: Where we rely on your consent to process information (for example, if you opted in to receive optional communications), you have the ... Read more",,,Lead with first-party withdrawal evidence + live score history.
Winvest withdrawal,Organic,13,www.youtube.com,LEARN HOW TO WITHDRAW BTC FROM WINVEST,https://www.youtube.com/watch?v=T_pmN3Q9BJs,WINVEST is a long term AI powered Bitcoin investment platform that gives you the opportunity to earn 3% daily on a 60 day contract only. Read more,,,Lead with first-party withdrawal evidence + live score history.
Winvest withdrawal,People Also Ask,,,,,,Is https://winvest.com legit?,,Lead with first-party withdrawal evidence + live score history.
Winvest withdrawal,People Also Ask,,,,,,What is Winvest all about?,,Lead with first-party withdrawal evidence + live score history.
TAG Markets review,Organic,2,www.tagmarkets.com,Tag Markets: Regulated FX & CFD Broker,https://www.tagmarkets.com/,"Amplify accounts, CopyX copy trading, MT5 access, tournaments, and trading technology from Tag Markets.",,,"Differentiate with real tests, realised returns and evidence."
TAG Markets review,Organic,3,www.trustpilot.com,Tag Markets Reviews | Read Customer Service ...,https://www.trustpilot.com/review/tagmarkets.com,Tag Markets is a forex broker 3 years in business I have been with them for 6 months with no issue's. I am writing in regards to all the other people that ... Read more,,,"Differentiate with real tests, realised returns and evidence."
TAG Markets review,Organic,4,africa.time.com,Tag Markets: One of the World's Largest Forex And CFD ...,https://africa.time.com/analysis/tag-markets-one-of-the-worlds-largest-forex-and-cfd-brokers/,"The foreign exchange industry is one of the most competitive sectors in global finance. Thousands of brokers compete for the attention of traders, ... Read more",,,"Differentiate with real tests, realised returns and evidence."
TAG Markets review,Organic,5,www.wikifx.com,tag markets,https://www.wikifx.com/en/dealer/1303209809.html,"Determine if Tag offers a wide range of instruments. WikiFX reviews its financial products, market access, and trading platforms.",,,"Differentiate with real tests, realised returns and evidence."
TAG Markets review,Organic,6,www.quora.com,Has anyone used Tag Markets for Forex or copy trading? Is ...,https://www.quora.com/Has-anyone-used-Tag-Markets-for-Forex-or-copy-trading-Is-it-a-legitimate-broker-and-what-was-your-experience-1,"Tag Markets may suit beginners who want a straightforward entry into forex and CFD trading, but learning risk management should come first.",,,"Differentiate with real tests, realised returns and evidence."
TAG Markets review,Organic,7,www.streetinsider.com,What Traders Are Really Saying About tagmarkets.com,https://www.streetinsider.com/MarketMediaWire/What+Traders+Are+Really+Saying+About+tagmarkets.com%3A+An+Honest+Review/26544399.html,"May 25, 2026 — Fast execution. Regulated and trustworthy. After a while, it all blurs together. So when TAG Markets started showing up in trader conversations ... Read more",,,"Differentiate with real tests, realised returns and evidence."
TAG Markets review,Organic,8,www.youtube.com,TAG Markets vs StoicFX: Full Broker Comparison & Review,https://www.youtube.com/watch?v=tlZkQL6cWLY,TAG Markets vs StoicFX : Full Broker Comparison & Review Website : https://linktr.ee/StoicFX1 Get Your Videos Ranked FAST!,,,"Differentiate with real tests, realised returns and evidence."
TAG Markets review,Organic,9,www.fastbull.com,Tag Markets Review 2026,https://www.fastbull.com/brokersview/brokers/tag-markets,"Is Tag Markets a reliable forex broker in 2026? Read our in-depth review covering account types, spreads, trading platforms, pros and cons, ...",,,"Differentiate with real tests, realised returns and evidence."
TAG Markets review,Organic,10,www.reddit.com,Tag Markets - Scam Broker? : r/Daytrading,https://www.reddit.com/r/Daytrading/comments/1myhskm/tag_markets_scam_broker/,"Hello! I wanted to know if anyone could help me with this. I'm new to trading, but I recently found out about this broker that apparently ...",,,"Differentiate with real tests, realised returns and evidence."
TAG Markets review,Organic,11,www.reviews.io,The Tag market Reviews - Read 76 Genuine Customer ...,https://www.reviews.io/company-reviews/store/the-tag-market,"14 hours ago — “From start to finish, the team provided exceptional service with prompt communication and clear expertise. I am very satisfied with the outcome ... Read more",,,"Differentiate with real tests, realised returns and evidence."
CopyX review,Organic,2,www.forexpeacearmy.com,Has anyone tried investing through the CopyX platform? ...,https://www.forexpeacearmy.com/community/threads/has-anyone-tried-investing-through-the-copyx-platform-curious-to-hear-opinions.86556/,"Jul 29, 2025 — they offer automated trading, returns of up to 2% per day, Looks like a TOTAL scam. one of their reviewers 631.6% profit.",,,"Differentiate with real tests, realised returns and evidence."
CopyX review,Organic,4,www.trustpilot.com,Read Customer Service Reviews of copiix.com,https://www.trustpilot.com/review/copiix.com,"Mar 17, 2025 — Copiix is a very good software to copy trade between different MT4, MT5 and cTrader. Very easy to use. The copytrade is quiet fast open and ...",,,"Differentiate with real tests, realised returns and evidence."
CopyX review,Organic,5,www.forexbrokers.com,7 Best Copy Trading Platforms for 2026,https://www.forexbrokers.com/guides/social-copy-trading,"Jul 1, 2026 — The best copy trading platforms are eToro, eToro is a winner for its easy-to-use copy-trading platform, where traders can copy the trades of ...",,,"Differentiate with real tests, realised returns and evidence."
CopyX review,Organic,7,www.reddit.com,"r/Daytrading - Copy trading, what's the catch?",https://www.reddit.com/r/Daytrading/comments/1oo1e6n/copy_trading_whats_the_catch/,Screenshot here for a popular social copy trading app... A very handsome graph of 5+ years of steady profits. Yes they take 30% of profits of successful ...,,,"Differentiate with real tests, realised returns and evidence."
CopyX review,Organic,8,copiix.com,"Copiix: Free Trade Copier for MT4, MT5, cTrader & Forex",https://copiix.com/,The experience with Copiix has been very good. With a lot of new updates and we LOVE the fact that is free for the community. Truly a very good and professional ... Read more,,,"Differentiate with real tests, realised returns and evidence."
CopyX review,Organic,9,www.investing.com,Best Copy Trading Platforms in the U.S. – September 2026,https://www.investing.com/brokers/copy-trading/,"Copy trading, also known as 'social trading', allows you to replicate the real-time trades of experienced, successful investors, making it a compelling ... Read more",,,"Differentiate with real tests, realised returns and evidence."
CopyX review,Organic,10,www.goatfundedtrader.com,10 Best Copy Trading Platforms For Investing in 2026,https://www.goatfundedtrader.com/blog/best-copy-trading-platform,"Discover the 10 best copy trading platforms for 2026. Compare features, fees, and tools to find the best copy trading platform for your goals.",,,"Differentiate with real tests, realised returns and evidence."
CopyX review,Organic,11,medium.com,I Tried Copy Trading for Three Days: Here Are My Honest ...,https://medium.com/@onedollarcapital/i-tried-copy-trading-for-three-days-here-are-my-honest-results-dc9e0e369883,"If the trader you're copying makes a profit, you will make a profit in return as well, but without lifting a single finger of your own. Later on ... Read more",,,"Differentiate with real tests, realised returns and evidence."
CopyX review,Organic,13,mysonic.ai,CopyX & SONIC AI Review: Our Verdict After 2 Months of ...,https://mysonic.ai/en/copyx-sonic-ai-review.html,"Sep 2, 2026 — Our CopyX and SONIC AI review after 44 trading days: 65 trades on gold (XAU/USD), 87.7 % win rate, only 2 losing days, +32.20% net.",,,"Differentiate with real tests, realised returns and evidence."
CopyX review,Organic,14,www.trustpilot.com,Forex Copier Reviews,https://www.trustpilot.com/review/forexcopier.com?page=2,73 people have already reviewed Forex Copier. Read about their experiences and share your own! | Read 21-40 Reviews out of 66.,,,"Differentiate with real tests, realised returns and evidence."
CopyX review,People Also Ask,,,,,,Is copy trading trustworthy?,,"Differentiate with real tests, realised returns and evidence."
coinbase,Organic,1,finance.yahoo.com,Coinbase Tokenized Stocks Added as Collateral for USDC ...,https://finance.yahoo.com/markets/crypto/articles/coinbase-tokenized-stocks-added-collateral-160100514.html,16 hours ago — Coinbase's (NASDAQ: $COIN) tokenized versions of seven major U.S. stocks can now be used as collateral to borrow USDC (CRYPTO: $USDC) on Aave V ...,,,"Differentiate with real tests, realised returns and evidence."
coinbase,Organic,3,www.youtube.com,Coinbase,https://www.youtube.com/c/coinbase,Welcome to the official YouTube channel of Coinbase. Building Better Financial Services With Crypto Coinbase,,,"Differentiate with real tests, realised returns and evidence."
coinbase,Organic,4,www.brooklynda.org,Brooklyn Man Sentenced to up to 12 Years in Prison for ...,https://www.brooklynda.org/2026/09/23/brooklyn-man-sentenced-to-up-to-12-years-in-prison-for-stealing-nearly-16-million-in-fraudulent-cryptocurrency-scheme/,"3 days ago — The District Attorney said Coinbase is an American cryptocurrency exchange that allows its users to buy, sell, and store digital assets. Read more",,,"Differentiate with real tests, realised returns and evidence."
coinbase,Organic,6,www.coinbase.com,Die vertrauenswürdigste App für Krypto-Trading,https://www.coinbase.com/de,Die vertrauenswürdigste App für Krypto-Trading · Traden Sie perpetual-ähnliche Futures mit bis zu 10-fachem Hebel · Bis zu 13 % Rewards mit Ihren Kryptos ... Read more,,,"Differentiate with real tests, realised returns and evidence."
coinbase,Organic,8,www.youtube.com,Bitcoin Tops $80000 as Coinbase and Crypto Stocks Rally,https://www.youtube.com/watch?v=sJ6SbMfI2Zw,"Bitcoin Tops $80,000 as Coinbase and Crypto Stocks Rally | Closing Bell @markets133 likes21K views5 days ago",,,"Differentiate with real tests, realised returns and evidence."
coinbase,Organic,10,www.reddit.com,Is my Bitcoin stored on Coinbase covered by insurance?,https://www.reddit.com/r/CryptoMarkets/comments/1wqh3yf/is_my_bitcoin_stored_on_coinbase_covered_by/,"I'm considering a cold wallet and storing seed words using Shamir Secret Sharing too, but it could be stolen too.",,,"Differentiate with real tests, realised returns and evidence."
coinbase,Organic,11,www.wsj.com,Coinbase Gives Individual Investors Access to IPOs,https://www.wsj.com/livecoverage/stock-market-today-dow-sp-500-nasdaq-09-21-2026/card/coinbase-gives-individual-investors-access-to-ipos-sUVvSltJyRuD9WMlZnjT,"5 days ago — Starting this week, traders will be able to request shares of upcoming initial public offerings at offer price in the Coinbase app. Their ... Read more",,,"Differentiate with real tests, realised returns and evidence."
coinbase,Organic,12,www.pymnts.com,Coinbase's 'Everything Exchange' Vision Gains Momentum,https://www.pymnts.com/earnings/2025/coinbases-everything-exchange-vision-gains-momentum-as-crypto-goes-mainstream/,"Oct 30, 2025 — Coinbase posted $1.9 billion in revenue and $433 million in profit, proving it can grow beyond trading as stablecoin yields, custody and ... Read more",,,"Differentiate with real tests, realised returns and evidence."
coinbase,Organic,13,www.tradingview.com,Why Coinbase (COIN) Shares Are Sliding Today,https://www.tradingview.com/news/stockstory:b3b26e70a094b:0-why-coinbase-coin-shares-are-sliding-today/,"Dec 15, 2025 — Coinbase is down 1.5% since the beginning of the year, and at $253.33 per share, it is trading 39.7% below its 52-week high of $419.78 from July ... Read more",,,"Differentiate with real tests, realised returns and evidence."
coinbase,Organic,14,www.youtube.com,Coinbase CEO: 'This stablecoin bill passing is really a financial ...,https://www.youtube.com/shorts/bW7dipy8gKo,Coinbase CEO Brian Armstrong discusses the recent passage of new crypto legislation and what it will mean for the sector as a whole.,,,"Differentiate with real tests, realised returns and evidence."
coinbase,People Also Ask,,,,,,How trustworthy is Coinbase?,,"Differentiate with real tests, realised returns and evidence."
coinbase,People Also Ask,,,,,,Why avoid Coinbase?,,"Differentiate with real tests, realised returns and evidence."
coinbase,People Also Ask,,,,,,How do I get my money out of Coinbase?,,"Differentiate with real tests, realised returns and evidence."
coinbase,People Also Ask,,,,,,Can the IRS see my Coinbase wallet?,,"Differentiate with real tests, realised returns and evidence."
compound interest calculator,Organic,2,www.ffbtn.com,Compound Interest Calculator | First Federal Bank,https://www.ffbtn.com/calculator/compound-interest,"How interest is calculated can greatly affect your savings. The more often interest is compounded, or added to your account, the more you earn. Read more",,,"Differentiate with real tests, realised returns and evidence."
compound interest calculator,Organic,3,www.evolvefcu.org,Compound Interest Calculator,https://www.evolvefcu.org/calculator/compound-interest,"How interest is calculated can greatly affect your savings. The more often interest is compounded, or added to your account, the more you earn. Read more",,,"Differentiate with real tests, realised returns and evidence."
compound interest calculator,Organic,4,www.bokfinancial.com,Explore the value of compound interest with our calculator,https://www.bokfinancial.com/resources/calculators/investing/what-is-the-value-of-compound-interest,Calculate the value of compound interest over time using our free online tool today. Just plug in the numbers.,,,"Differentiate with real tests, realised returns and evidence."
compound interest calculator,Organic,5,www.cnbank.com,Compound Interest Calculator,https://www.cnbank.com/your-bank/education-and-advice/calculators/compound-interest-calculator,Use this calculator to determine the potential future value of your savings. Savings. Initial balance or deposit ($). Annual savings amount ($). Read more,,,"Differentiate with real tests, realised returns and evidence."
compound interest calculator,Organic,6,foxcu.org,How to Calculate Compound Interest,https://foxcu.org/financial-resources/financial-calculators/savings-calculators/the-benefits-of-compounding,Using our compound interest calculator is a great way to learn about the power of compound interest and its effect on savings. Check the Fox Communities ...,,,"Differentiate with real tests, realised returns and evidence."
compound interest calculator,Organic,7,chatt.coop,InternetActive Calculators: Compound Interest Calculator,https://chatt.coop/calculators/compound_interest/cic.html,"InternetActive Calculators™ Compound Interest Calculator. Calculate the Compounded Amount (Hint: Enter the opening balance in the ""Principal"" box below Read more",,,"Differentiate with real tests, realised returns and evidence."
compound interest calculator,Organic,8,safemoney.com,Compound Interest Calculator,https://safemoney.com/calculators/compound-interest/,"Use the free Compound Interest calculator at SafeMoney.com to plan your retirement income, Social Security, and safe money strategy.",,,"Differentiate with real tests, realised returns and evidence."
loan calculator,Organic,1,www.bankrate.com,Loan Calculator,https://www.bankrate.com/loans/loan-calculator/,"Jul 7, 2026 — Bankrate&#39;s loan calculator will help you determine the monthly payments on a loan. loans: Mortgage. Auto. Personal loan.",,,"Differentiate with real tests, realised returns and evidence."
loan calculator,Organic,2,www.calculator.net,Loan Calculator,https://www.calculator.net/loan-calculator.html,"Use this calculator for basic calculations of common loan types such as mortgages, auto loans, student loans, or personal loans, or click the links for more ...",,,"Differentiate with real tests, realised returns and evidence."
loan calculator,Organic,3,studentaid.gov,Repayment Calculator | Federal Student Aid,https://studentaid.gov/repayment-calculator,Repayment Calculator helps you calculate your federal student loan payment and choose a repayment plan that meets your needs and goals.,,,"Differentiate with real tests, realised returns and evidence."
loan calculator,Organic,4,finaid.org,Loan Payment Calculator,https://finaid.org/calculators/loanpayments/,"Use our free loan payment calculator to estimate monthly payments, interest, and repayment timelines. Easily plan your budget and explore loan repayment ...",,,"Differentiate with real tests, realised returns and evidence."
loan calculator,Organic,5,www.bankofamerica.com,Auto Loan Calculator & Car Payment Tool at ...,https://www.bankofamerica.com/auto-loans/auto-loan-calculator/,"Enter a total loan amount into this auto loan calculator to estimate your monthly payment, or determine your loan amount by car price, trade-in value and other ... Read more",,,"Differentiate with real tests, realised returns and evidence."
loan calculator,Organic,6,www.madisoncountybank.com,Loan Calculator,https://www.madisoncountybank.com/calculators/loan-calculator,The online Loan Calculator helps you determine a loan from what a monthly payment or your payment from a total loan amount.,,,"Differentiate with real tests, realised returns and evidence."
loan calculator,Organic,7,www.dallasfed.org,"Payment Calculator for Mortgages, Car Loans and Other ...",https://www.dallasfed.org/educate/calculators/closed-calc.aspx,"Calculator for Mortgages, Car Loans and Other Term Loans Use the form below to calculate... Enter your loan information. Total Interest Total Payments",,,"Differentiate with real tests, realised returns and evidence."
loan calculator,Organic,8,www.zillow.com,Mortgage Calculator - Free House Payment Estimate,https://www.zillow.com/mortgage-calculator/,"Use our simple mortgage calculator to quickly estimate monthly payments for your new home, including principal, interest, taxes and insurance.",,,"Differentiate with real tests, realised returns and evidence."
loan calculator,Organic,9,www.trustage.com,What's your loan really cost? Use our Loan Cost Calculator,https://www.trustage.com/learn/tools-calculators/loan-cost-calculator,"Borrowing money? Focus on the total cost of the loan, not just the monthly payments. Before you sign a contract, check the total cost of the loan.",,,"Differentiate with real tests, realised returns and evidence."
loan calculator,Organic,10,finred.usalearning.gov,FINRED | Loan Calculators,https://finred.usalearning.gov/ToolsAndAddRes/Calculators/Loan,"Line of Credit Pay Off With this calculator, you can see what it will take to pay off a line of credit, so you can strategize the best repayment plan. Read more",,,"Differentiate with real tests, realised returns and evidence."
investment calculator,Organic,1,www.calculator.net,Investment Calculator,https://www.calculator.net/investment-calculator.html,"Free investment calculator to evaluate various investment situations considering starting and ending balance, contributions, return rate, and investment ...",,,"Differentiate with real tests, realised returns and evidence."
investment calculator,Organic,2,www.ramseysolutions.com,Investment Calculator,https://www.ramseysolutions.com/retirement/investment-calculator?srsltid=AU7gw4VlHqcgTgBeYD_SDxPlcTzCGla1sOy_4IpbBMbEfiKWB21yidDe,"With our investment calculator, you can find out how much you can expect to have in your retirement portfolio over time.",,,"Differentiate with real tests, realised returns and evidence."
investment calculator,Organic,3,www.investor.gov,Compound Interest Calculator,https://www.investor.gov/financial-tools-calculators/calculators/compound-interest-calculator,Determine how much your money can grow using the power of compound interest.,,,"Differentiate with real tests, realised returns and evidence."
investment calculator,Organic,4,www.redriverbank.net,Investment Returns Calculator,https://www.redriverbank.net/calculators/investmentreturn,"Estimate long-term investment growth by factoring in capital, return rate, inflation, taxes, and time horizon with this easy calculator.",,,"Differentiate with real tests, realised returns and evidence."
investment calculator,Organic,5,www.nerdwallet.com,Investment Calculator,https://www.nerdwallet.com/investing/calculators/investment-calculator,"Enter your investment amount, contributions, timeline, and compounding frequency to estimate how your investments with grow over time.",,,"Differentiate with real tests, realised returns and evidence."
investment calculator,Organic,7,smartasset.com,"Investment Return Calculator: Growth on Stocks, Bonds & ...",https://smartasset.com/investing/investment-calculator,"Our investment calculator estimates how your balance could grow over time based on a fixed return. Enter an initial amount, choose a recurring contribution ...",,,"Differentiate with real tests, realised returns and evidence."
investment calculator,Organic,8,www.aarp.org,Investment Returns Calculator,https://www.aarp.org/money/retirement/investment-return-calculator/,"Use this investment returns calculator to calculate how much your money may grow and return over time. Investment totals $610,419.73 after 25 years.",,,"Differentiate with real tests, realised returns and evidence."
investment calculator,Organic,9,www.fidelity.ca,Investment growth calculator,https://www.fidelity.ca/en/growthcalculator/,"Find out how much your savings will grow over time by making regular investments. In 25 yearsyear, your projected savings will be $64,189. This calculator is ...",,,"Differentiate with real tests, realised returns and evidence."
investment calculator,Organic,10,www.cnbankpa.com,Investment Savings & Distributions Calculator,https://www.cnbankpa.com/Resource-Center/Tools/Calculators/Investment-Savings-and-Distributions,See how long your investment savings will last by entering your savings plan in the Savings & Distributions Calculator from C&N.,,,"Differentiate with real tests, realised returns and evidence."
investment calculator,Organic,11,www.capitalgroup.com,Investment Calculator - American Funds,https://www.capitalgroup.com/individual/planning/tools/investment-calculator.htm,"Use this calculator to see how small, consistent additions to your investment can really add up over time.",,,"Differentiate with real tests, realised returns and evidence."
investment calculator,People Also Ask,,,,,,"How much will $10,000 invested be worth in 20 years?",,"Differentiate with real tests, realised returns and evidence."
investment calculator,People Also Ask,,,,,,"How much will $100,000 be worth in 30 years?",,"Differentiate with real tests, realised returns and evidence."
investment calculator,People Also Ask,,,,,,"How much will $750,000 be worth in 10 years?",,"Differentiate with real tests, realised returns and evidence."
investment calculator,People Also Ask,,,,,,"How much money do I need to invest to make $10,000 a month?",,"Differentiate with real tests, realised returns and evidence."
calculator investment,Organic,1,www.calculator.net,Investment Calculator,https://www.calculator.net/investment-calculator.html,"Free investment calculator to evaluate various investment situations considering starting and ending balance, contributions, return rate, and investment ...",,,"Differentiate with real tests, realised returns and evidence."
calculator investment,Organic,2,www.ramseysolutions.com,Investment Calculator,https://www.ramseysolutions.com/retirement/investment-calculator?srsltid=AU7gw4UfVJkPlGO-iE_TRM6AnY6eqblVkb_hh6OhgIs70UgUZqWYPm0G,"With our investment calculator, you can find out how much you can expect to have in your retirement portfolio over time.",,,"Differentiate with real tests, realised returns and evidence."
calculator investment,Organic,3,www.investor.gov,Compound Interest Calculator,https://www.investor.gov/financial-tools-calculators/calculators/compound-interest-calculator,Determine how much your money can grow using the power of compound interest. * DENOTES A REQUIRED FIELD. Calculator. Step 1: Initial Investment. Read more,,,"Differentiate with real tests, realised returns and evidence."
calculator investment,Organic,4,www.redriverbank.net,Investment Returns Calculator,https://www.redriverbank.net/calculators/investmentreturn,"Estimate long-term investment growth by factoring in capital, return rate, inflation, taxes, and time horizon with this easy calculator.",,,"Differentiate with real tests, realised returns and evidence."
calculator investment,Organic,5,www.nerdwallet.com,Investment Calculator,https://www.nerdwallet.com/investing/calculators/investment-calculator,"Enter your investment amount, contributions, timeline, and compounding frequency to estimate how your investments with grow over time.",,,"Differentiate with real tests, realised returns and evidence."
calculator investment,Organic,6,smartasset.com,"Investment Return Calculator: Growth on Stocks, Bonds & ...",https://smartasset.com/investing/investment-calculator,"Our investment calculator estimates how your balance could grow over time based on a fixed return. Enter an initial amount, choose a recurring contribution ...",,,"Differentiate with real tests, realised returns and evidence."
calculator investment,Organic,7,www.aarp.org,Investment Returns Calculator,https://www.aarp.org/money/retirement/investment-return-calculator/,"Use this investment returns calculator to calculate how much your money may grow and return over time. Investment totals $610,419.73 after 25 years.",,,"Differentiate with real tests, realised returns and evidence."
calculator investment,Organic,8,www.fidelity.ca,Investment growth calculator,https://www.fidelity.ca/en/growthcalculator/,"Find out how much your savings will grow over time by making regular investments. In 25 yearsyear, your projected savings will be $64,189. Amount invested $29, ...",,,"Differentiate with real tests, realised returns and evidence."
calculator investment,Organic,9,www.cnbankpa.com,Investment Savings & Distributions Calculator,https://www.cnbankpa.com/Resource-Center/Tools/Calculators/Investment-Savings-and-Distributions,See how long your investment savings will last by entering your savings plan in the Savings & Distributions Calculator from C&N.,,,"Differentiate with real tests, realised returns and evidence."
calculator investment,Organic,10,www.ishares.com,Investment Growth Calculator: See Potential Return,https://www.ishares.com/us/resources/tools/investment-growth-calculator,Use the Investment Growth Calculator to visualize how regular contributions and compound interest can maximize your portfolio's growth over time.,,,"Differentiate with real tests, realised returns and evidence."
compound interest formula,Organic,2,www.youtube.com,Understanding the Compound Interest Formula #shorts,https://www.youtube.com/shorts/t2WiNv3BZ_o,"There's a formula for calculating compound interest, where A is the accumulated amount, P is the principal, R is the annual interest rate, ...",,,"Differentiate with real tests, realised returns and evidence."
compound interest formula,Organic,5,www.youtube.com,Compound Interest Formula Explained  | Fast & Easy! ...,https://www.youtube.com/shorts/LdbdIxjXgtg,"How does your money grow in a savings account or investment ? In this short video, Dr. Terri J. Speights from Math Exam Prep: Study on the ...",,,"Differentiate with real tests, realised returns and evidence."
compound interest formula,Organic,6,math.stackexchange.com,What is the formula for cumulative compound interest?,https://math.stackexchange.com/questions/4654271/what-is-the-formula-for-cumulative-compound-interest,"Mar 7, 2023 — Closed. This question does not meet Mathematics Stack Exchange guidelines. It is not currently accepting answers.              Please provide additional ...",,,"Differentiate with real tests, realised returns and evidence."
compound interest formula,Organic,7,www.lumoslearning.com,Grade 7 Math - Compound interest,https://www.lumoslearning.com/llwp/math/grade-7/compound-interest.html,"Compound interest is the addition of interest to the principal sum of a loan or deposit, or in other words, interest on interest. The interest that is ... Read more",,,"Differentiate with real tests, realised returns and evidence."
compound interest formula,Organic,9,www.reddit.com,Is there a formula for calculating compound interest when ...,https://www.reddit.com/r/learnmath/comments/1fpy1pn/is_there_a_formula_for_calculating_compound/,This is the question: Shania invests £10000 in a savings account that pays 3% per year compound interest. She deposits an additional £400 at ...,,,"Differentiate with real tests, realised returns and evidence."
compound interest formula,Organic,10,www.sage.com,What Is Compound Interest? Definition & Formula - Sage,https://www.sage.com/en-ca/blog/glossary/what-is-compound-interest/,The compound interest definition refers to a type of interest calculated on the initial principal of a deposit or loan and to each subsequent accumulation ...,,,"Differentiate with real tests, realised returns and evidence."
compound interest formula,Organic,11,www.quora.com,What is the formula for compound interest with annual ...,https://www.quora.com/What-is-the-formula-for-compound-interest-with-annual-additions-I-can-only-find-the-formula-for-compound-interest-on-a-principal-amount-I-cannot-find-the-formula-to-include-annual-contributions-anywhere,What is the formula for compound interest with annual additions? I can only find the formula for compound interest on a principal amount. I cannot ...,,,"Differentiate with real tests, realised returns and evidence."
compound interest formula,Organic,13,www.raymondjames.com,Compound Interest and Your Return,https://www.raymondjames.com/pcbinvestmentcenter/resources/calculators/compound-interest,"Compound interest. Interest on an investment's interest, plus previous interest. The more frequently this occurs, the sooner your accumulated interest will ... Read more",,,"Differentiate with real tests, realised returns and evidence."
compound interest formula,Organic,14,quant.stackexchange.com,Compound Interest Calculation (Years + Months),https://quant.stackexchange.com/questions/18275/compound-interest-calculation-years-months,"Jun 10, 2015 — Compound Interest Calculation (Years + Months) · A = Future value · P = Principal amount · R = Annual interest rate · N = Number of times ... Read more",,,"Differentiate with real tests, realised returns and evidence."
compound interest formula,Organic,15,www.moneycrashers.com,What Is Compound Interest - Definition and Formula to ...,https://www.moneycrashers.com/compound-interest-definition-formulas/,"Oct 19, 2021 — The compound interest formula for any given year goes as follows: FV = PV × (1+i)n. Where: FV = Future value. PV = Present value. i = Annual ... Read more",,,"Differentiate with real tests, realised returns and evidence."
compound interest formula,People Also Ask,,,,,,How much is $1000 worth at the end of 2 years if the interest rate of 6% is compound?,,"Differentiate with real tests, realised returns and evidence."
compound interest formula,People Also Ask,,,,,,"How much is $10,000 compound interest over 10 years?",,"Differentiate with real tests, realised returns and evidence."
compound interest formula,People Also Ask,,,,,,What is the compound interest on 8000 at 5% per annum for 2 years?,,"Differentiate with real tests, realised returns and evidence."
compound interest formula,People Also Ask,,,,,,How much would $500 invested at 8% interest compounded continuously be worth after 3 years?,,"Differentiate with real tests, realised returns and evidence."
apy calculator,Organic,2,apps.apple.com,APY Calculator - Interest Calc - App Store - Apple,https://apps.apple.com/ae/app/apy-calculator-interest-calc/id1572410837,Use this App to calculate Annual Percentage Yield (APY ) and estimate the future growth of your investment. Simply enter your values and get instant results.,,,"Differentiate with real tests, realised returns and evidence."
apy calculator,Organic,4,getcalculators.com,APY Calculator,https://getcalculators.com/savings/apy-calculator,The APY calculator is a tool you can use to determine how much return a savings account or CD can offer you. Compare 3 annual percentage rates side-by-side.,,,"Differentiate with real tests, realised returns and evidence."
apy calculator,Organic,5,payday.fyi,APY Calculator | Annual Percentage Yield Calculator - Payday,https://payday.fyi/investment/apy,The APY calculator helps you understand the actual annual return on your investments by factoring in compound interest and the frequency of compounding.,,,"Differentiate with real tests, realised returns and evidence."
apy calculator,Organic,6,codebeautify.org,APY Calculator Online - Annual Percentage Yield,https://codebeautify.org/calculators/apy-calculator,Online APY Calculator to calculate Checking Deposit APY Rate. APY = (1 + R / CF)CF - 1 Where R - Interest rate of return … project your future interest ...,,,"Differentiate with real tests, realised returns and evidence."
apy calculator,Organic,7,apps.apple.com,‎APY Calculator - Interest Calc - You Might Also Like - App Store,https://apps.apple.com/us/app/1572410837?see-all=customers-also-bought-apps&platform=iphone,APY Calculator - Interest. Compound Interest & ROI View Interest Rate Calculation Helping you easy to calculate,,,"Differentiate with real tests, realised returns and evidence."
apy calculator,Organic,8,www.firstmerchants.com,Compound Interest Savings Calculator,https://www.firstmerchants.com/resources/learn/financial-calculators/savings-calculators/compound-interest-savings-calculator,"Enter your balance, rate, and timeline to project growth. The ""Annual Percentage Yield"" or APY is the effective annual rate of return once the effect of ...",,,"Differentiate with real tests, realised returns and evidence."
apy calculator,Organic,9,hexacalculator.com,APY Calculator: Annual Percentage Yield and Savings Growth,https://hexacalculator.com/calculators/finance/corporate-finance/apy-calculator,"This calculator allows you to convert an advertised interest rate into APY, convert APY into an advertised interest rate or predict how much money will grow ...",,,"Differentiate with real tests, realised returns and evidence."
apy calculator,Organic,10,play.google.com,APR & APY Calculator – Apps on Google Play,https://play.google.com/store/apps/details?id=apr.apy&hl=en_IE,"Use our APR and APY compound interest calculator to calculate the annual rate of return for your investments. Simply input your down payment , compounding ... Read more",,,"Differentiate with real tests, realised returns and evidence."
apy calculator,Organic,11,gergeant.com,APY Calculator – Annual Percentage Yield from Rate & ...,https://gergeant.com/tools/apy-calculator,Calculate annual percentage yield from a nominal interest rate and compounding frequency. Compare how compounding changes the effective one-year yield.,,,"Differentiate with real tests, realised returns and evidence."
apy calculator,Organic,13,apps.apple.com,APY Calculator - Interest Calc - App Store - Apple,https://apps.apple.com/gh/app/apy-calculator-interest-calc/id1572410837,Prepare for your next investment Use this App to calculate Annual Percentage Yield (APY) and estimate the future growth of your investment. Read more,,,"Differentiate with real tests, realised returns and evidence."
apy calculator,People Also Ask,,,,,,"What's 4% APY on $10,000?",,"Differentiate with real tests, realised returns and evidence."
apy calculator,People Also Ask,,,,,,Is 3.5 APY good?,,"Differentiate with real tests, realised returns and evidence."
apy calculator,People Also Ask,,,,,,What is 5% APY on $1000?,,"Differentiate with real tests, realised returns and evidence."
apy calculator,People Also Ask,,,,,,How to calculate APY per month?,,"Differentiate with real tests, realised returns and evidence."
interest rate calculator,Organic,1,www.calculator.net,Interest Rate Calculator,https://www.calculator.net/interest-rate-calculator.html,Free online calculator to find the interest rate as well as the total interest cost of an amortized loan with a fixed monthly payback amount.,,,"Differentiate with real tests, realised returns and evidence."
interest rate calculator,Organic,2,www.investor.gov,Compound Interest Calculator,https://www.investor.gov/financial-tools-calculators/calculators/compound-interest-calculator,Determine how much your money can grow using the power of compound interest. Interest Rate Estimated Interest Rate Your estimated annual interest rate. Monthly ...,,,"Differentiate with real tests, realised returns and evidence."
interest rate calculator,Organic,3,www.bankrate.com,Loan Calculator,https://www.bankrate.com/loans/loan-calculator/,"Jul 7, 2026 — Bankrate&#39;s loan calculator will help you determine the monthly payments on a loan. following loans: Mortgage. Auto. Personal loan.",,,"Differentiate with real tests, realised returns and evidence."
interest rate calculator,Organic,6,www.bankofbrodhead.com,Loan Interest Calculator,https://www.bankofbrodhead.com/resource/calculators/loan-interest-calculator,"Loan Interest Calculator. Estimate how much interest you may pay on a loan and compare different interest types, terms, rates, and extra-payment options. Read more",,,"Differentiate with real tests, realised returns and evidence."
interest rate calculator,Organic,7,ifdm.stanford.edu,Interest Calculator - Initiative for Financial Decision-Making,https://ifdm.stanford.edu/resourcehub/calculators/interest-calculator,"Input the initial amount, interest rate, number of compounding periods, and compounding to see compound interest in action. Read more",,,"Differentiate with real tests, realised returns and evidence."
interest rate calculator,Organic,8,www.agwestfc.com,Monthly Payment Calculator,https://www.agwestfc.com/education-and-resources/financial-tools/financial-calculators/monthly-payment-calculator,"Use this calculator to determine your payments or loan amount for different payment frequencies. You can make payments weekly, biweekly, semimonthly, monthly,",,,"Differentiate with real tests, realised returns and evidence."
interest rate calculator,Organic,9,fiscal.treasury.gov,Monthly Compounding Interest Calculator,https://fiscal.treasury.gov/payments-from-government/prompt-payment/monthly-interest,"Feb 5, 2026 — The following on-line calculator allows you to automatically determine the amount of monthly compounding interest owed on payments made ... Read more",,,"Differentiate with real tests, realised returns and evidence."
interest rate calculator,Organic,10,www.kohlercu.com,Financial Calculators,https://www.kohlercu.com/financial-calculators/,"Use our financial calculators to explore payments, compare options, and make more informed financial decisions as you plan for future goals. Read more",,,"Differentiate with real tests, realised returns and evidence."
interest rate calculator,Organic,11,www.moneymanagement.org,Average Interest Rate Calculator,https://www.moneymanagement.org/tools/average-interest-rate-calculator,What's the average Annual Percentage Rate (APR) across all your lines of credit ? This calculator factors the balance on each card to help determine an average ... Read more,,,"Differentiate with real tests, realised returns and evidence."
interest rate calculator,Organic,13,www.madisoncountybank.com,Loan Calculator,https://www.madisoncountybank.com/calculators/loan-calculator,The online Loan Calculator helps you determine a loan from what a monthly payment or your payment from a total loan amount.,,,"Differentiate with real tests, realised returns and evidence."
interest rate calculator,People Also Ask,,,,,,How to calculate an interest rate?,,"Differentiate with real tests, realised returns and evidence."
interest rate calculator,People Also Ask,,,,,,"What is 9% interest on $50,000?",,"Differentiate with real tests, realised returns and evidence."
interest rate calculator,People Also Ask,,,,,,"How much is 5% interest on $10,000?",,"Differentiate with real tests, realised returns and evidence."
interest rate calculator,People Also Ask,,,,,,How do I calculate my monthly interest rate?,,"Differentiate with real tests, realised returns and evidence."
interest rates today: 30-year fixed,Organic,2,www.freddiemac.com,Mortgage Rates,https://www.freddiemac.com/pmms,"Mortgage Rates Average 7.03% · The 30-year fixed-rate mortgage averaged 7.03% as of September 24, 2026, up from last week when it averaged 6.95%. A year ago at ... Read more",,,"Differentiate with real tests, realised returns and evidence."
interest rates today: 30-year fixed,Organic,4,www.bankrate.com,Compare 30-Year Mortgage Rates Today,https://www.bankrate.com/mortgages/30-year-mortgage-rates/,"The average rate for 30-year, fixed-rate home loans leapt to 7.08% this week, according to Bankrate's national survey of lenders. Read more",,,"Differentiate with real tests, realised returns and evidence."
interest rates today: 30-year fixed,Organic,6,www.wellsfargo.com,Current mortgage rates,https://www.wellsfargo.com/mortgage/rates/,See current mortgage rates for a variety of mortgage products. Reach your home financing goals whether buying or refinancing.,,,"Differentiate with real tests, realised returns and evidence."
interest rates today: 30-year fixed,Organic,7,www.mortgagenewsdaily.com,Today's Mortgage Rates : Daily Index,https://www.mortgagenewsdaily.com/mortgage-rates,daily 30 Yr. Fixed 7.43% -- -0.02% 15 Yr. Fixed 7.10% -- +0.00% 30 Yr. Jumbo 7.55% -- +0.00% 7/6 SOFR ARM 6.85% -- +0.15% 30 Yr. FHA 7.15% -- +0.10% 30 Yr.,,,"Differentiate with real tests, realised returns and evidence."
interest rates today: 30-year fixed,Organic,8,www.usbank.com,Today's 30-year fixed mortgage rates - Home loans /,https://www.usbank.com/home-loans/mortgage/mortgage-rates.html,Today's 30-year fixed mortgage rates ; Conventional fixed-rate loans · 30-year. 7.125% ; Conforming adjustable-rate mortgage (ARM) loans · 10/6 mo. 7.375% ; Jumbo ... Read more,,,"Differentiate with real tests, realised returns and evidence."
interest rates today: 30-year fixed,Organic,9,www.rocketmortgage.com,"Current mortgage rates: 30‑ & 20‑year fixed, FHA, VA & ...",https://www.rocketmortgage.com/mortgage-rates,30-year fixed. Rate. 0.125 %. 7.375% ; 30-year FHA. Rate. 0.115%. 6.875% ; 30-year VA. Rate. 0.115%. 6.875% ; 30-year jumbo fixed. Rate. 7.125% ; 15-year fixed. Rate. Read more,,,"Differentiate with real tests, realised returns and evidence."
interest rates today: 30-year fixed,Organic,10,fred.stlouisfed.org,30-Year Fixed Rate Mortgage Average in the United States,https://fred.stlouisfed.org/series/mortgage30us,"View data of the average interest rate, calculated weekly, of fixed-rate mortgages with a 30-year repayment term. 7.03 | Percent, Not Seasonally Adjusted | ...",,,"Differentiate with real tests, realised returns and evidence."
interest rates today: 30-year fixed,Organic,11,www.creditkarma.com,Compare Today's Mortgage Rates | Intuit Credit Karma,https://www.creditkarma.com/home-loans/mortgage-rates,The average 30-year fixed mortgage rate rose to 6.95% from 6.76% a week ago. average 30-year fixed mortgage rate is up by 30 basis points (6.65% vs 6.95%). ...,,,"Differentiate with real tests, realised returns and evidence."
interest rates today: 30-year fixed,Organic,13,www.truist.com,Compare Current Mortgage Interest Rates,https://www.truist.com/mortgage/current-mortgage-rates,Loan type 30-Year FHA. Interest rate 6.875%. Read more,,,"Differentiate with real tests, realised returns and evidence."
interest rates today: 30-year fixed,Organic,14,www.mortgagenewsdaily.com,30 Year Fixed Mortgage Rates - National Average,https://www.mortgagenewsdaily.com/mortgage-rates/30-year-fixed,"Today's Mortgage Rates | Mortgage Calculators · 9/25/2026. 30 Yr. Fixed Rate. 7.43%. -0.02%. 0.00. Mortgage Rates Had a Better Day, Ultimately Dropping Just ... Read more",,,"Differentiate with real tests, realised returns and evidence."
interest rates today: 30-year fixed,People Also Ask,,,,,,What is a 30-year fixed mortgage rate right now?,,"Differentiate with real tests, realised returns and evidence."
interest rates today: 30-year fixed,People Also Ask,,,,,,Will mortgage rates go down to 5%?,,"Differentiate with real tests, realised returns and evidence."
interest rates today: 30-year fixed,People Also Ask,,,,,,"How much is a $400,000 mortgage payment for 30 years?",,"Differentiate with real tests, realised returns and evidence."
interest rates today: 30-year fixed,People Also Ask,,,,,,How to get a 4% mortgage rate?,,"Differentiate with real tests, realised returns and evidence."
compound calculator,Organic,1,rows.com,Compound Interest Calculator,https://rows.com/calculators/compound-interest-calculator,This Interest Calculator helps you compare interest rates with different compounding periods easily.,,,"Differentiate with real tests, realised returns and evidence."
compound calculator,Organic,3,www.academybank.com,Accumulate Savings Calculator,https://www.academybank.com/calculator/compound-savings,"This calculator allows you to choose the frequency that your investment's interest or income is added to your account. The more frequently this occurs, the ... Read more",,,"Differentiate with real tests, realised returns and evidence."
compound calculator,Organic,4,www.savingscalculator.org,Quickly Calculate Compound Interest on Lump Sum Deposits,https://www.savingscalculator.org/single-deposit/,Savers can use this free online calculator to figure out how quickly their savings will grow as interest compounds.,,,"Differentiate with real tests, realised returns and evidence."
compound calculator,Organic,5,apps.apple.com,Compound Interest Calculator - App Store - Apple,https://apps.apple.com/gr/app/compound-interest-calculator/id6755908181,"Compound Interest Calculator – Plan, Grow & Reach Your Financial Goals Understanding how money grows over time is the first step toward financial freedom. Read more",,,"Differentiate with real tests, realised returns and evidence."
compound calculator,Organic,6,compoundwave.com,Compound interest calculator & ETF investment ...,https://compoundwave.com/info/what-is-compound-calculator,Compound interest calculator & ETF investment calculator | Compound. Compound Wave doesn't work properly without JavaScript enabled.,,,"Differentiate with real tests, realised returns and evidence."
compound calculator,Organic,7,play.google.com,Compound Interest Calculator - Apps on Google Play,https://play.google.com/store/apps/details?id=com.kasparapps.compoundinterest&hl=en_CA,"Aug 4, 2026 — Plan your financial future with a powerful and easy-to-use compound interest calculator. this app helps you understand how your money can grow ...",,,"Differentiate with real tests, realised returns and evidence."
compound calculator,Organic,8,finamus.com,Compound Interest Calculator - Finamus,https://finamus.com/en/calculators/compound-interest/,Calculate how your investments grow over time with compound interest. Free online calculator.,,,"Differentiate with real tests, realised returns and evidence."
compound calculator,Organic,9,www.tooldox.io,Compound Interest Calculator 2025 | Free Investment Growth,https://www.tooldox.io/tools/finance/compound-interest,"Free compound interest calculator. See how your investments grow with annual, monthly, or daily compounding. Includes year-by-year breakdown and chart.",,,"Differentiate with real tests, realised returns and evidence."
compound calculator,Organic,10,www.csgnetwork.com,Compound Interest Amount Calculator,http://www.csgnetwork.com/compoundinterestcalc.html,This calculator is designed to calculate the total interest of a compound interest financial contract; the formulae for those calculations are below.,,,"Differentiate with real tests, realised returns and evidence."
compound calculator,Organic,11,arogun.com,Compound Interest Calculator — Free 2026 | Arogun,https://arogun.com/compound-interest-calculator,Free compound interest calculator to see how your investments grow over time. Plan your retirement and savings goals with accurate projections.,,,"Differentiate with real tests, realised returns and evidence."
apr calculator,Organic,1,www.calculator.net,APR Calculator,https://www.calculator.net/apr-calculator.html,"Free calculator to find out the real APR of a loan, considering all the fees and extra charges. cost indicator of a loan.",,,"Differentiate with real tests, realised returns and evidence."
apr calculator,Organic,2,www.bankrate.com,Loan APR calculator,https://www.bankrate.com/loans/personal-loans/annual-percentage-rate-calculator/,"Jun 18, 2026 — Figuring out what terms are most affordable by estimating your monthly payment using loan amount, interest rate or loan term",,,"Differentiate with real tests, realised returns and evidence."
apr calculator,Organic,3,www.fnbmt.com,Mortgage APR Calculator | Interest Rate | Loan Payment,https://www.fnbmt.com/resources/calculator/mortgage-apr,Use this calculator to determine the Annual Percentage Rate (APR) for your mortgage. either by year or by month.,,,"Differentiate with real tests, realised returns and evidence."
apr calculator,Organic,5,www.centrevillebank.com,APR Mortgage Calculator,https://www.centrevillebank.com/Learning/Tools-Calculators/Calculators/APR-Mortgage-Calculator,The APR Mortgage Calculator from Centreville Bank in RI can help you see how a higher APR might affect your monthly loan payment. Access online.,,,"Differentiate with real tests, realised returns and evidence."
apr calculator,Organic,6,www.leaderbank.com,APR Mortgage Calculator,https://www.leaderbank.com/apr-mortgage-calculator,"Simply enter a potential mortgage loan amount, the term of the loan in years, interest rate, and select whether you'd like the report to express amortization in ... Read more",,,"Differentiate with real tests, realised returns and evidence."
apr calculator,Organic,7,www.experian.com,APR Calculator,https://www.experian.com/blogs/ask-experian/apr-calculator/,"Jun 29, 2026 — Use this calculator to estimate the APR (annual percentage rate) on a loan and better understand your total cost of borrowing.",,,"Differentiate with real tests, realised returns and evidence."
apr calculator,Organic,8,www.calculatestuff.com,APR Calculator,https://www.calculatestuff.com/financial/apr-calculator,"Calculate the APR (Annual Percentage Rate) of a loan with pre-paid or added finance charges. 5.1784% APR $536.82 Monthly Payment $193,256.34 Over 360 Payments",,,"Differentiate with real tests, realised returns and evidence."
apr calculator,Organic,9,www.nerdwallet.com,APR Calculator: Estimate Your True Borrowing Cost,https://www.nerdwallet.com/personal-loans/calculators/true-apr,"Aug 14, 2026 — Use our APR calculator to see the true cost of a personal loan that includes an origination fee.",,,"Differentiate with real tests, realised returns and evidence."
apr calculator,Organic,10,finred.usalearning.gov,FINRED | Loan Calculators,https://finred.usalearning.gov/ToolsAndAddRes/Calculators/Loan,Amortizing Loan Get a clear picture of the cost of your loan. View an estimated monthly payment cost depending on the loan amount you need — and vice versa! Read more,,,"Differentiate with real tests, realised returns and evidence."
apr calculator,Organic,11,6101691359.mymortgage-online.com,Annual Percentage Rate (APR) Calculator,https://6101691359.mymortgage-online.com/APRCalculator.html,Default amounts are hypothetical and may not apply to your individual situation. This calculator provides approximations for informational purposes only. Read more,,,"Differentiate with real tests, realised returns and evidence."
apr calculator,People Also Ask,,,,,,How much is 26.99 APR on $3000?,,"Differentiate with real tests, realised returns and evidence."
apr calculator,People Also Ask,,,,,,How do I calculate APR?,,"Differentiate with real tests, realised returns and evidence."
apr calculator,People Also Ask,,,,,,What is 24% APR on a credit card?,,"Differentiate with real tests, realised returns and evidence."
apr calculator,People Also Ask,,,,,,"What is a good APR for a $10,000 loan?",,"Differentiate with real tests, realised returns and evidence."
coinbase wallet,Organic,1,wallet.coinbase.com,Coinbase Wallet — Built To Trade,https://wallet.coinbase.com/,"Trade everything from crypto, stocks, commodities, predictions and perps. All in one self-custodial wallet. Start Trading Download.",,,"Differentiate with real tests, realised returns and evidence."
coinbase wallet,Organic,2,play.google.com,Coinbase Wallet: Trade to Win - Apps on Google Play,https://play.google.com/store/apps/details?id=org.toshi&hl=en_US,"Sep 18, 2026 — Coinbase Wallet takes you from zero to trade in under a minute — trade millions of assets, crypto, perps, and prediction markets in seconds.",,,"Differentiate with real tests, realised returns and evidence."
coinbase wallet,Organic,4,www.coinbase.com,Coinbase Wallet | Safety & Security,https://www.coinbase.com/security/wallet-security,"Coinbase Wallet is a self-custody web3 wallet, putting you in full control of the private keys to your assets on the blockchain.",,,"Differentiate with real tests, realised returns and evidence."
coinbase wallet,Organic,5,www.coinbase.com,What's the difference between Coinbase and ...,https://www.coinbase.com/learn/crypto-basics/what-is-the-difference-between-coinbase-and-coinbase-wallet,Coinbase Wallet is called a “self-custody wallet” because it's a category of wallets designed to give you maximum control over your crypto.,,,"Differentiate with real tests, realised returns and evidence."
coinbase wallet,Organic,7,chromewebstore.google.com,Coinbase Wallet extension - Chrome Web Store,https://chromewebstore.google.com/detail/coinbase-wallet-extension/hnfanknocfeofbddgcijnmhnfnkdnaad?hl=en,Coinbase Wallet is a self-custody crypto wallet that puts you in control and unlocks the entire world of crypto. NFTs and dapps,,,"Differentiate with real tests, realised returns and evidence."
coinbase wallet,Organic,8,www.coinbase.com,"Coinbase - Buy and Sell Bitcoin, Ethereum, and more with trust",https://www.coinbase.com/,"Our self-custody wallet built for speed. Trade millions of onchain assets, perps, and prediction markets, and earn USDC rewards. All in Coinbase Wallet. Read more",,,"Differentiate with real tests, realised returns and evidence."
coinbase wallet,Organic,10,www.coinbase.com,How to set up a crypto wallet,https://www.coinbase.com/learn/tips-and-tutorials/how-to-set-up-a-crypto-wallet,"Create your account. Unlike a hosted wallet, you don't need to share any personal info to create a non-custodial wallet. Not even an email address. Read more",,,"Differentiate with real tests, realised returns and evidence."
coinbase wallet,Organic,11,www.youtube.com,Beginner's Guide on How to Set-up & Use Coinbase Wallet,https://www.youtube.com/watch?v=5NosTq7vE4c,,,,"Differentiate with real tests, realised returns and evidence."
coinbase wallet,Organic,12,www.trustpilot.com,Read Customer Service Reviews of coinbase.com,https://www.trustpilot.com/review/coinbase.com,"We offer access to buy, sell, and trade over 200 crypto assets. Plus, enjoy our monthly subscription offering crypto enthusiasts zero trading fees and boosted ... Read more",,,"Differentiate with real tests, realised returns and evidence."
coinbase wallet,Organic,13,coinbureau.com,Coinbase Wallet Review 2026: Base App Fees & Safety,https://coinbureau.com/review/coinbase-wallet-review,"Sep 3, 2026 — Coinbase Wallet, now called Base App, combines self-custody with trading, payments, DApps, earning tools, mini apps and social features. Read more",,,"Differentiate with real tests, realised returns and evidence."
coinbase wallet,People Also Ask,,,,,,What is the downside of Coinbase Wallet?,,"Differentiate with real tests, realised returns and evidence."
coinbase wallet,People Also Ask,,,,,,Why can't I cash out my Coinbase Wallet?,,"Differentiate with real tests, realised returns and evidence."
coinbase wallet,People Also Ask,,,,,,Is Coinbase Wallet a real wallet?,,"Differentiate with real tests, realised returns and evidence."
coinbase wallet,People Also Ask,,,,,,Should I keep my crypto in Coinbase or Coinbase Wallet?,,"Differentiate with real tests, realised returns and evidence."
simple interest calculator,Organic,1,www.calculator.net,Simple Interest Calculator,https://www.calculator.net/simple-interest-calculator.html,This calculator computes the simple interest and end balance of a savings or investment account. Simple Interest = Principal Amount × Interest Rate × Time,,,"Differentiate with real tests, realised returns and evidence."
simple interest calculator,Organic,2,fiscal.treasury.gov,Simple Daily Interest | Bureau of the Fiscal Service - Treasury,https://fiscal.treasury.gov/payments-from-government/prompt-payment/interest,"Jun 30, 2026 — The following on-line calculator allows you to automatically determine the amount of simple daily interest owed on payments made after the ... Read more",,,"Differentiate with real tests, realised returns and evidence."
simple interest calculator,Organic,3,www.bankrate.com,Simple Loan Payment Calculator,https://www.bankrate.com/loans/simple-loan-payment-calculator/,"Jun 18, 2026 — Use Bankrate's simple loan payment calculator to calculate your monthly payment for any type of loan.",,,"Differentiate with real tests, realised returns and evidence."
simple interest calculator,Organic,4,www.investor.gov,Compound Interest Calculator,https://www.investor.gov/financial-tools-calculators/calculators/compound-interest-calculator,Determine how much your money can grow using the power of compound interest. * DENOTES A REQUIRED FIELD. Calculator. Step 1: Initial Investment. Read more,,,"Differentiate with real tests, realised returns and evidence."
simple interest calculator,Organic,5,www.calculatorsoup.com,Simple Interest Calculator A = P(1 + rt),https://www.calculatorsoup.com/calculators/financial/simple-interest-plus-principal-calculator.php,"Aug 1, 2025 — Calculate simple interest plus principal on an investment or savings. Simple interest calculator finds interest rate, time or total balance ...",,,"Differentiate with real tests, realised returns and evidence."
simple interest calculator,Organic,6,ncfe.org.in,Simple and Compound Interest Calculator - English (NCFE),https://ncfe.org.in/simple-and-compound-interest-calculator/,A simple interest calculator is a utility tool that calculates the interest on loans or savings without compounding.,,,"Differentiate with real tests, realised returns and evidence."
simple interest calculator,Organic,7,www.youtube.com,Simple Interest | Finding Principal with a Calculator,https://www.youtube.com/watch?v=UDfeFrjjVNw,,,,"Differentiate with real tests, realised returns and evidence."
simple interest calculator,Organic,9,www.omnicalculator.com,Simple Interest Calculator,https://www.omnicalculator.com/finance/simple-interest,"Our simple interest calculator determines the simple interest earned on any principal amount. Provide the interest percentage and time, and you'll know the  ...",,,"Differentiate with real tests, realised returns and evidence."
simple interest calculator,Organic,10,www.embers.org,Simple vs. Compound Interest Calculator,https://www.embers.org/calculators/simple-vs-compound-interest-calculator,"Simple vs. Compound Interest Calculator. Enter the starting balance and use the sliders to adjust the monthly contribution, interest rate, and years. The graph ... Read more",,,"Differentiate with real tests, realised returns and evidence."
simple interest calculator,Organic,11,www.bajajfinserv.in,Simple Interest Calculator,https://www.bajajfinserv.in/simple-interest-calculator,"Calculate simple interest using the formula I = P * r * t, where I is the interest, P is the principal amount, r is the annual interest rate (in decimal form), ... Read more",,,"Differentiate with real tests, realised returns and evidence."
simple interest calculator,People Also Ask,,,,,,How do I calculate simple interest?,,"Differentiate with real tests, realised returns and evidence."
simple interest calculator,People Also Ask,,,,,,What is the simple interest on a principal of $1000 at 5% annual interest rate over 3 years?,,"Differentiate with real tests, realised returns and evidence."
simple interest calculator,People Also Ask,,,,,,What is the formula for simple interest?,,"Differentiate with real tests, realised returns and evidence."
simple interest calculator,People Also Ask,,,,,,"What is 4% interest on $10,000?",,"Differentiate with real tests, realised returns and evidence."
ai trader,Organic,2,github.com,AI-Trader: 100% Fully-Automated Agent-Native Trading,https://github.com/HKUDS/AI-Trader,AI-Trader is an Agent-Native Trading Platform : Exchange ideas and sharpen trading skills through AI agents! Any AI agent joins the AI-Trader platform ... Read more,,,"Differentiate with real tests, realised returns and evidence."
ai trader,Organic,5,play.google.com,AI Trading Bot - Apps on Google Play,https://play.google.com/store/apps/details?id=com.stocktrading.aitradingbot.autotrade&hl=en_US,"AI Trading Bot App brings the future of trading to your fingertips. Designed with developed automation and intelligent algorithms, it helps you analyze market ... Read more",,,"Differentiate with real tests, realised returns and evidence."
ai trader,Organic,6,innotechtoday.com,5 Best AI Trading Bot Platforms in 2026: How Traders Use ...,https://innotechtoday.com/5-best-ai-trading-bot-platforms-in-2026-how-traders-use-ai-bots-for-smarter-strategies/,"AI trading bots have outgrown their original job. In 2026, they are no longer simple tools that place automatic buy and sell orders — traders now use them.",,,"Differentiate with real tests, realised returns and evidence."
ai trader,Organic,7,www.quantinsti.com,"AI for Trading: How It Works, Uses, Risks, and Skills Guide",https://www.quantinsti.com/articles/ai-for-trading/,"At its core, AI in trading involves applying intelligent systems to tasks that once required human cognition: analysing data, recognising patterns, making ... Read more",,,"Differentiate with real tests, realised returns and evidence."
ai trader,Organic,8,www.trade-ideas.com,Trade Ideas: AI-Driven Stock Scanning & Charting Platform,https://www.trade-ideas.com/,"Trade Ideas: Real-time AI stock scanning, automated trades, entry/exit signals & trade alerts. Manage your portfolio, mitigate risk, backtest, ...",,,"Differentiate with real tests, realised returns and evidence."
ai trader,Organic,9,algosone.ai,AI Trading (Artificial Intelligence Trading) and Investment ...,https://algosone.ai/ai-trading/,"AI trading systems can perform a wide range of activities including historic price and volume analysis, risk assessment, signal creation, entry and exit ... Read more",,,"Differentiate with real tests, realised returns and evidence."
ai trader,Organic,10,www.tradezella.com,5 Best AI Trading Tools for Traders (2026),https://www.tradezella.com/blog/best-ai-trading-tools,"Jul 13, 2026 — TradeZella (Zella AI) is best for traders who want AI that analyzes their own trading data, tags every trade, reviews every session, and answers ... Read more",,,"Differentiate with real tests, realised returns and evidence."
ai trader,Organic,11,fortraders.com,AI Trading Tools That Actually Work (2026 Edition),https://fortraders.com/blog/ai-trading-tools-work,"3 days ago — We tested 12 AI trading tools across 2026 on XAUUSD, US100 and futures — real prices, honest edge numbers, and a prop-firm rule verdict for ...",,,"Differentiate with real tests, realised returns and evidence."
ai trader,Organic,13,www.stockbrokers.com,Best AI Trading Bots for Stock Trading in 2026 (Tested),https://www.stockbrokers.com/guides/ai-stock-trading-bots,"Sep 18, 2026 — Written by Steven Hatzakis Director of Online Broker Research. Joey Shadeck. Fact-checked by Joey Shadeck Research Analyst. Jeff Anberg. Read more",,,"Differentiate with real tests, realised returns and evidence."
ai trader,Organic,14,cfi.trade,Guide on how to use AI for trading,https://cfi.trade/en/blog/trading/guide-on-how-to-use-ai-for-trading,"AI trading involves leveraging artificial intelligence, predictive analytics, and machine learning to analyze past market and stock data. Read more",,,"Differentiate with real tests, realised returns and evidence."
ai trader,People Also Ask,,,,,,Which AI trader is best?,,"Differentiate with real tests, realised returns and evidence."
ai trader,People Also Ask,,,,,,Does AI trading pay real money?,,"Differentiate with real tests, realised returns and evidence."
ai trader,People Also Ask,,,,,,How to make $1000 a month trading stocks?,,"Differentiate with real tests, realised returns and evidence."
ai trader,People Also Ask,,,,,,Can I use AI for trading?,,"Differentiate with real tests, realised returns and evidence."
return on investment calculator,Organic,1,www.calculator.net,Return on Investment (ROI) Calculator,https://www.calculator.net/roi-calculator.html,Free return on investment (ROI) calculator that returns total ROI rate and annualized ROI using either actual dates of investment or simply investment ...,,,"Differentiate with real tests, realised returns and evidence."
return on investment calculator,Organic,2,www.investor.gov,Compound Interest Calculator,https://www.investor.gov/financial-tools-calculators/calculators/compound-interest-calculator,"Determine how much your money can grow using the power of compound interest. Access RMD, compound interest and savings goal calculators plus other financial ...",,,"Differentiate with real tests, realised returns and evidence."
return on investment calculator,Organic,3,www.ishares.com,Investment Growth Calculator: See Potential Return,https://www.ishares.com/us/resources/tools/investment-growth-calculator,"An investment growth calculator is a simple, easy-to-use tool that helps you estimate the potential value of your investments over time.",,,"Differentiate with real tests, realised returns and evidence."
return on investment calculator,Organic,4,www.nerdwallet.com,Investment Calculator,https://www.nerdwallet.com/investing/calculators/investment-calculator,"Enter your investment amount, contributions, timeline, and compounding frequency to estimate how your investments with grow over time.",,,"Differentiate with real tests, realised returns and evidence."
return on investment calculator,Organic,6,www.redriverbank.net,Investment Returns Calculator,https://www.redriverbank.net/calculators/investmentreturn,"Estimate long-term investment growth by factoring in capital, return rate, inflation, taxes, and time horizon with this easy calculator.",,,"Differentiate with real tests, realised returns and evidence."
return on investment calculator,Organic,8,www.bdc.ca,Return on Investment (ROI) Calculator,https://www.bdc.ca/en/articles-tools/entrepreneur-toolkit/financial-tools/return-on-total-assets,Use our calculator to measure return on investment and show how assets are being used to generate profits.,,,"Differentiate with real tests, realised returns and evidence."
return on investment calculator,Organic,9,smartasset.com,"Investment Return Calculator: Growth on Stocks, Bonds & ...",https://smartasset.com/investing/investment-calculator,"Estimate how your money could grow based on time horizon, contributions and rate of return. Our investment calculator estimates how your balance could grow ...",,,"Differentiate with real tests, realised returns and evidence."
return on investment calculator,Organic,10,www.ramseysolutions.com,Investment Calculator,https://www.ramseysolutions.com/retirement/investment-calculator?srsltid=AU7gw4UX8NukPKEUgANJ_KWHGKEjh3uGQFQY2T5pgKqLWObYqtsJlXZj,"With our investment calculator, you can find out how much you can expect to have in your retirement portfolio over time.",,,"Differentiate with real tests, realised returns and evidence."
return on investment calculator,Organic,11,www.calculator.net,Investment Calculator,https://www.calculator.net/investment-calculator.html,"Free investment calculator to evaluate various investment situations considering starting and ending balance, contributions, return rate, and investment ...",,,"Differentiate with real tests, realised returns and evidence."
return on investment calculator,Organic,13,www.aarp.org,Investment Returns Calculator,https://www.aarp.org/money/retirement/investment-return-calculator/,Are you on track to meet your investment goals? Use this investment returns calculator to calculate how much your money may grow and return over time.,,,"Differentiate with real tests, realised returns and evidence."
return on investment calculator,People Also Ask,,,,,,"What is a good return on a $500,000 investment?",,"Differentiate with real tests, realised returns and evidence."
return on investment calculator,People Also Ask,,,,,,"How much money do I need to invest to make $3,000 a month?",,"Differentiate with real tests, realised returns and evidence."
return on investment calculator,People Also Ask,,,,,,How do I calculate my ROI?,,"Differentiate with real tests, realised returns and evidence."
return on investment calculator,People Also Ask,,,,,,What is a good ROI for 10 years?,,"Differentiate with real tests, realised returns and evidence."
roi calculator,Organic,1,www.calculator.net,Return on Investment (ROI) Calculator,https://www.calculator.net/roi-calculator.html,Free return on investment (ROI) calculator that returns total ROI rate and annualized ROI using either actual dates of investment or simply investment ...,,,"Differentiate with real tests, realised returns and evidence."
roi calculator,Organic,2,www.omnicalculator.com,ROI Calculator - Return on Investment,https://www.omnicalculator.com/finance/roi,This ROI calculator helps you estimate the profit or loss from an investment by comparing the amount you invested with the amount you received back. Read more,,,"Differentiate with real tests, realised returns and evidence."
roi calculator,Organic,4,www.easternbank.com,Real Estate ROI Calculator,https://www.easternbank.com/real-estate-roi-calculator,The Real Estate ROI Calculator estimates the return on investment (ROI) you will make on a real estate investment.,,,"Differentiate with real tests, realised returns and evidence."
roi calculator,Organic,6,freetools.textmagic.com,Return on investment (ROI) calculator,https://freetools.textmagic.com/roi-calculator,Calculate your business's return on investment quickly and easily with Textmagic's quick and accurate ROI calculator.,,,"Differentiate with real tests, realised returns and evidence."
roi calculator,Organic,7,www.forbes.com,Return on Investment (ROI) Calculator,https://www.forbes.com/advisor/investing/roi-calculator/,"Jun 14, 2023 — Meeting your investment goal is dependent on many factors. Use our ROI calculator to determine your return considering time horizon, ...",,,"Differentiate with real tests, realised returns and evidence."
roi calculator,Organic,8,www.bdc.ca,Return on Investment (ROI) Calculator,https://www.bdc.ca/en/articles-tools/entrepreneur-toolkit/financial-tools/return-on-total-assets,Use our calculator to measure return on investment and show how assets are being used to generate profits.,,,"Differentiate with real tests, realised returns and evidence."
roi calculator,Organic,9,jupid.com,ROI Calculator - Return on Investment Calculator,https://jupid.com/roi-calculator,"Free ROI calculator. Calculate return on investment percentage, annualized returns, and investment gains. ROI = (Gain / Cost) × 100. ROI = (Gain - Cost) / Cost ...",,,"Differentiate with real tests, realised returns and evidence."
roi calculator,Organic,10,www.fncalculator.com,Return On Investment (ROI) Calculator,https://www.fncalculator.com/financialcalculator?type=roiCalculator,Return On Investment (ROI ) s Or select investment period (yyyy-MM-dd) From To Investment Period: Gain or Loss: Return on Investment: Simple Annual ROI: Compound,,,"Differentiate with real tests, realised returns and evidence."
roi calculator,Organic,11,www.moneyflock.com,ROI Calculator - Free Return on Investment Calculator,https://www.moneyflock.com/tools/roi-calculator,"Free ROI calculator. Calculate return on investment, net profit, annualized ROI, and investment multiple for any asset. Include fees, income, and holding ...",,,"Differentiate with real tests, realised returns and evidence."
roi calculator,Organic,13,www.sage.com,Return On Investment (ROI) calculator (Sales ... - Sage,https://www.sage.com/en-us/blog/roi-calculator/,"Dec 17, 2024 — To calculate ROI, select the “Investment ROI” option. Input the amount invested and the amount returned (actual or projected). Then, enter ... Read more",,,"Differentiate with real tests, realised returns and evidence."
roi calculator,People Also Ask,,,,,,How would I calculate ROI?,,"Differentiate with real tests, realised returns and evidence."
roi calculator,People Also Ask,,,,,,What is a good ROI in 1 year?,,"Differentiate with real tests, realised returns and evidence."
roi calculator,People Also Ask,,,,,,Is 4.5% a good ROI?,,"Differentiate with real tests, realised returns and evidence."
roi calculator,People Also Ask,,,,,,What is a good ROI for real estate?,,"Differentiate with real tests, realised returns and evidence."
daily compound interest calculator,Organic,1,www.thecalculatorsite.com,Daily Compound Interest Calculator,https://www.thecalculatorsite.com/finance/calculators/daily-compound-interest.php,"To begin your calculation, take your daily interest rate and add 1 to it. Then, raise that figure to the power of the number of days you want to compound for. Read more",,,"Differentiate with real tests, realised returns and evidence."
daily compound interest calculator,Organic,2,www.investor.gov,Compound Interest Calculator,https://www.investor.gov/financial-tools-calculators/calculators/compound-interest-calculator,"Determine how much your money can grow using the power of compound interest. Monthly Daily Times per year that interest will be compounded. Access RMD,  ...",,,"Differentiate with real tests, realised returns and evidence."
daily compound interest calculator,Organic,3,www.bankrate.com,Compound Interest Calculator,https://www.bankrate.com/banking/savings/compound-savings-calculator/,"Choose how often interest compounds (daily, monthly, quarterly or annually). The calculator will show you your final balance, total contributions made and ... Read more",,,"Differentiate with real tests, realised returns and evidence."
daily compound interest calculator,Organic,4,www.umcu.org,Compound Interest Calculator,https://www.umcu.org/learn/resources/calculators/the-benefits-of-compounding-interest-calculator,"Using our Compound Interest Calculator, see how your savings can grow with an Annual Percentage Yield (APY) within a specific evaluation period.",,,"Differentiate with real tests, realised returns and evidence."
daily compound interest calculator,Organic,6,www.lakecitybank.com,Compound Interest Calculator Indiana,https://www.lakecitybank.com/tools-calculators/compound-interest-calculator/,"Calculate compound interest in Indiana with Lake City Bank's calculator to estimate investment growth, savings returns, and long-term value.",,,"Differentiate with real tests, realised returns and evidence."
daily compound interest calculator,Organic,7,play.google.com,Daily Compound Interest - Apps on Google Play,https://play.google.com/store/apps/details?id=com.jodaland.dailyinterest&hl=en_US,Daily Compound Interest is a simple and easy-to-use calculator designed to help you estimate the potential growth of your investments over time. Read more,,,"Differentiate with real tests, realised returns and evidence."
daily compound interest calculator,Organic,8,www.nerdwallet.com,Compound Interest Calculator,https://www.nerdwallet.com/banking/calculators/compound-interest-calculator,"Aug 1, 2026 — You can use this compound interest calculator or compute compound interest manually by using the formula A=P(1+r/n)^nt. Here's an example: Say ... Read more",,,"Differentiate with real tests, realised returns and evidence."
daily compound interest calculator,Organic,9,www.todaysbank.com,Compound Interest Calculator,https://www.todaysbank.com/calculator/compound-interest,"This calculator demonstrates how compounding can affect your savings, and how interest on your interest really adds up!",,,"Differentiate with real tests, realised returns and evidence."
daily compound interest calculator,Organic,10,www.thebalancemoney.com,What Is the Daily Compound Interest Formula?,https://www.thebalancemoney.com/how-much-can-you-earn-with-daily-compounding-4628420,"Aug 20, 2024 — How to Calculate Daily Compound Interest in Excel · Rate = Interest rate per period · Nper = Number of periods · Pmt = Payment made per period. A ... Read more",,,"Differentiate with real tests, realised returns and evidence."
daily compound interest calculator,Organic,12,www.youtube.com,Lesson 5.7 Daily Compound Interest,https://www.youtube.com/watch?v=mzfCeIUGLVg,,,,"Differentiate with real tests, realised returns and evidence."
continuous compound interest formula,Organic,2,www.cuemath.com,"Continuous Compounding Formula - Derivation, Examples",https://www.cuemath.com/continuous-compounding-formula/,"The continuous compounding formula says A = Pert where 'r' is the rate of interest. For example, if the rate of interest is given to be 10% then we take r = 10/ ... Read more",,,"Differentiate with real tests, realised returns and evidence."
continuous compound interest formula,Organic,5,www.moneychimp.com,Continuously Compounded Interest Formula and Calculator,http://www.moneychimp.com/articles/finworks/continuous_compounding.htm,To get the formula we'll start out with interest compounded n times per year: FVn = P(1 + r/n)Yn where P is the starting principal and FV is the future value ...,,,"Differentiate with real tests, realised returns and evidence."
continuous compound interest formula,Organic,6,en.wikipedia.org,Compound interest,https://en.wikipedia.org/wiki/Compound_interest,"A is the final amount · P is the original principal sum · r is the nominal annual interest rate · n is the compounding frequency (1: annually, 12: monthly, 52: ... Read more",,,"Differentiate with real tests, realised returns and evidence."
continuous compound interest formula,Organic,7,www.youtube.com,Continuous Interest Formula - Derivation,https://www.youtube.com/watch?v=zMeYrkLAqi4,,,,"Differentiate with real tests, realised returns and evidence."
continuous compound interest formula,Organic,8,www.reddit.com,eli5: Compounding Continuously : r/explainlikeimfive,https://www.reddit.com/r/explainlikeimfive/comments/1axmmna/eli5_compounding_continuously/,I recently had learned about the concept of compounding continuously. How does it work? How is compounding something continuously not infinite? What ...,,,"Differentiate with real tests, realised returns and evidence."
continuous compound interest formula,Organic,9,www.omnicalculator.com,Continuous Compound Interest Calculator,https://www.omnicalculator.com/finance/continuous-compound,"To compute interest compounded continuously, you need to apply the following formula. Interest = (Initial balance × ert) - Initial balance, where e, r, and t ... Read more",,,"Differentiate with real tests, realised returns and evidence."
continuous compound interest formula,Organic,10,www.khanacademy.org,Formula for continuously compounding interest (video),https://www.khanacademy.org/economics-finance-domain/core-finance/interest-tutorial/cont-comp-int-and-e/v/continuously-compounding-interest-formula-e,"r=rate (the amount of interest charged per year). n=number of times in a year that interest is paid. t=the number of years of the loan, expressed as TIME. First ...",,,"Differentiate with real tests, realised returns and evidence."
continuous compound interest formula,Organic,11,byjus.com,Formula for Continuous Compound Interest,https://byjus.com/continuous-compound-interest-formula/,"Formula for Continuous Compound Interest A = P × ert Where, A = Amount of money after a certain amount of time P = Principle or the amount of money you start",,,"Differentiate with real tests, realised returns and evidence."
continuous compound interest formula,Organic,13,web.ics.purdue.edu,Interest Compounded Continuously,https://web.ics.purdue.edu/~pdevlin/Traditional%20Class/Lesson%2030/Interest%20Compounded%20Continuously.pdf,"compounded continuously is A = Pert . Formula for Interest Compounded Continuously: - when interest is compounded continuously, we use the formula. A ... Read more",,,"Differentiate with real tests, realised returns and evidence."
continuous compound interest formula,Organic,14,www.investopedia.com,The Essentials of Continuous Compounding,https://www.investopedia.com/terms/c/continuouscompounding.asp,"The formula for continuous compounding is FV = PV x e^(i x t), where e is approximately 2.7183. While not feasible in practice, continuous compounding is ... Read more",,,"Differentiate with real tests, realised returns and evidence."
continuous compound interest formula,People Also Ask,,,,,,How much would $500 invested at 8% interest compounded continuously be worth after 3 years?,,"Differentiate with real tests, realised returns and evidence."
continuous compound interest formula,People Also Ask,,,,,,Why is 72 used in the Rule of 72?,,"Differentiate with real tests, realised returns and evidence."
continuous compound interest formula,People Also Ask,,,,,,How much will $5000 be worth in 10 years with 6% interest compounded continuously?,,"Differentiate with real tests, realised returns and evidence."
continuous compound interest formula,People Also Ask,,,,,,How to find CI for 2 years?,,"Differentiate with real tests, realised returns and evidence."
investment return formula,Organic,2,www.calculator.net,Return on Investment (ROI) Calculator,https://www.calculator.net/roi-calculator.html,Free return on investment (ROI) calculator that returns total ROI rate and annualized ROI using either actual dates of investment or simply investment ...,,,"Differentiate with real tests, realised returns and evidence."
investment return formula,Organic,4,www.investopedia.com,ROI: Return on Investment Meaning and Calculation ...,https://www.investopedia.com/articles/basics/10/guide-to-calculating-roi.asp,"It's calculated by subtracting the initial cost of an investment from its final value, dividing that number by the cost of the investment, and then multiplying ... Read more",,,"Differentiate with real tests, realised returns and evidence."
investment return formula,Organic,5,www.salesforce.com,What is Return on Investment (ROI)? Meaning and Formulas,https://www.salesforce.com/blog/small-business/what-is-roi/,"Jul 13, 2025 — Easy to understand and calculate: ROI uses simple math: divide your profit by what you spent, then multiply by 100. No complex formulas needed. Read more",,,"Differentiate with real tests, realised returns and evidence."
investment return formula,Organic,6,www.fidelity.com,How to calculate ROI | ROI formula explained,https://www.fidelity.com/learning-center/smart-money/how-to-calculate-ROI,"To calculate ROI, subtract the investment's total cost from the investment's proceeds or current value. Then, divide that amount by the investment's total cost ... Read more",,,"Differentiate with real tests, realised returns and evidence."
investment return formula,Organic,7,www.finra.org,Calculating Your Investment Returns,https://www.finra.org/investors/insights/investment-returns,"Dec 4, 2024 — The first step in calculating ROI is to determine the total cost of the investment, which includes the price you paid, as well as any investment ... Read more",,,"Differentiate with real tests, realised returns and evidence."
investment return formula,Organic,8,www.uschamber.com,What Is ROI? How to Calculate Return on Investment | CO,https://www.uschamber.com/co/run/finance/what-is-roi,"Jul 27, 2026 — ROI formula: ROI = (final value of investment - initial value of investment) / cost of investment × 100. Best for: Companies making long-term ... Read more",,,"Differentiate with real tests, realised returns and evidence."
investment return formula,Organic,9,en.wikipedia.org,Return on investment,https://en.wikipedia.org/wiki/Return_on_investment,= (gain from investment − cost of investment) / cost of investment · = (revenue − cost of goods sold) / cost of goods sold · = (net program benefits / program ... Read more,,,"Differentiate with real tests, realised returns and evidence."
investment return formula,Organic,10,www.esade.edu,What it is and how to calculate ROI or Return on Investment,https://www.esade.edu/beyond/en/what-is-roi-and-how-to-calculate-return-on-investment/,"Nov 28, 2024 — ROI = [(Income – Investment) / Investment] * 100 · The numerator indicates the benefits obtained from the investment, and the denominator the ... Read more",,,"Differentiate with real tests, realised returns and evidence."
investment return formula,Organic,11,www.youtube.com,ROI Formula Excel - How to calculate return on Investment,https://www.youtube.com/watch?v=qpamgHSajd0,Learn Free Excel Basic Course within 1 Hour: • Video We will learn ROI Formula Excel with simple example in this tutorial.,,,"Differentiate with real tests, realised returns and evidence."
investment return formula,Organic,13,corporatefinanceinstitute.com,Return on Investment - Formula and How to Calculate It | CFI,https://corporatefinanceinstitute.com/resources/accounting/return-on-investment-roi-formula/,"Feb 27, 2020 — You calculate ROI by subtracting the original cost from the final value, then dividing that result by the original cost. Let's say you invest ... Read more",,,"Differentiate with real tests, realised returns and evidence."
investment return formula,People Also Ask,,,,,,How is investment return calculated?,,"Differentiate with real tests, realised returns and evidence."
investment return formula,People Also Ask,,,,,,What is the 70-20-10 rule for investing?,,"Differentiate with real tests, realised returns and evidence."
investment return formula,People Also Ask,,,,,,What is Warren Buffett's 70/30 rule?,,"Differentiate with real tests, realised returns and evidence."
investment return formula,People Also Ask,,,,,,How do you calculate ROI easily?,,"Differentiate with real tests, realised returns and evidence."
crypto calculator,Organic,1,coinstats.app,Crypto Profit Calculator,https://coinstats.app/crypto-profit-calculator/,The Crypto Investment Calculator by CoinStats will make your calculations of crypto profits and losses significantly easier and faster.,,,"Differentiate with real tests, realised returns and evidence."
crypto calculator,Organic,2,coinledger.io,Free Crypto Profit Calculator,https://coinledger.io/crypto-profit-calculator,Try our free crypto profit calculator to calculate your profits or losses on your cryptocurrency trades.,,,"Differentiate with real tests, realised returns and evidence."
crypto calculator,Organic,3,play.google.com,Crypto Calculator - Apps on Google Play,https://play.google.com/store/apps/details?id=sava.dimitrijevic.crypto.calculator&hl=en_US,"This simplistic-looking calculator, lets you convert over 10.000 cryptocurrencies and over 150 fiat currencies in real-time!",,,"Differentiate with real tests, realised returns and evidence."
crypto calculator,Organic,4,bitcoinfoundation.org,Bitcoin Calculator - Gauge Your Crypto Profit,https://bitcoinfoundation.org/tools/profit-calculator/,"This page works as a Bitcoin profit calculator for quick trade math with fees included. It estimates profit, loss, and ROI from a buy price and a sell price. Read more",,,"Differentiate with real tests, realised returns and evidence."
crypto calculator,Organic,5,coinmarketcap.com,Cryptocurrency Converter and Calculator Tool,https://coinmarketcap.com/converter/,Crypto exchange rate calculator helps you convert prices online between two currencies in real-time.,,,"Differentiate with real tests, realised returns and evidence."
crypto calculator,Organic,6,marketcapof.com,MarketCapOf | Crypto & Stocks Market Cap Calculator,https://marketcapof.com/,Compare cryptocurrencies and stocks by market capitalization and find out their potential prices as well as other important stats.,,,"Differentiate with real tests, realised returns and evidence."
crypto calculator,Organic,7,de.fi,Crypto Profit Calculator - Free ROI Projection Tool,https://de.fi/explore/crypto-profit-calculator,Quickly calculate your potential profits on any coin with our crypto profit calculator. ✓ Plan your ROI goals and trade smarter with De.Fi's free tools.,,,"Differentiate with real tests, realised returns and evidence."
crypto calculator,Organic,8,coincodex.com,Crypto Profit Calculator,https://coincodex.com/profit-calculator/,"You can calculate your crypto profit by entering your initial investment, buy price, sell price, and optional investment and exit fees.",,,"Differentiate with real tests, realised returns and evidence."
crypto calculator,Organic,9,www.cryptocompare.com,Bitcoin Mining Profitability Calculator,https://www.cryptocompare.com/mining/calculator/,"Find out what your expected BTC and USD return is depending on your hash rate, power consumption and electricity cost. Find out if it's profitable to mine ...",,,"Differentiate with real tests, realised returns and evidence."
crypto calculator,Organic,10,cryptocalculator.ai,Crypto Calculator AI: Crypto Calculator | Crypto Market Cap ...,https://cryptocalculator.ai/,The Crypto Forecast Calculator is a powerful tool that allows you to calculate coin price by market cap and create your own cryptocurrency forecasts. With the ... Read more,,,"Differentiate with real tests, realised returns and evidence."
daily interest rate mortgage,Organic,1,www.mortgagenewsdaily.com,Today's Mortgage Rates : Daily Index,https://www.mortgagenewsdaily.com/mortgage-rates,30 Yr. Fixed · 7.43 % · -0.02. 5.99% · 7.45% ; 15 Yr. Fixed · 7.10% · +0.00. 5.55% · 7.10% ; 30 Yr. Jumbo · 7.55% · +0.00. 6.10% · 7.55%. Read more,,,"Differentiate with real tests, realised returns and evidence."
daily interest rate mortgage,Organic,3,www.freddiemac.com,Mortgage Rates,https://www.freddiemac.com/pmms,"Mortgage Rates Average 7.03 % · The 30-year fixed-rate mortgage averaged 7.03% as of September 24, 2026, up from last week when it averaged 6.95%. A year ago at ... Read more",,,"Differentiate with real tests, realised returns and evidence."
daily interest rate mortgage,Organic,5,www.rocketmortgage.com,"Current mortgage rates: 30‑ & 20‑year fixed, FHA, VA & ...",https://www.rocketmortgage.com/mortgage-rates,"30-year fixed Rate 0.125% 7.375% APR. Mortgage rates can change daily, sometimes more than once a day. roughly equals a $30 change in your monthly payment.",,,"Differentiate with real tests, realised returns and evidence."
daily interest rate mortgage,Organic,6,www.bankrate.com,Compare current mortgage rates for today,https://www.bankrate.com/mortgages/mortgage-rates/,"The average rate for 30-year, fixed-rate home loans leapt to 7.08% this week, according to Bankrate's national survey of lenders. Read more",,,"Differentiate with real tests, realised returns and evidence."
daily interest rate mortgage,Organic,7,www.mortgagenewsdaily.com,MND's Daily Mortgage Rate Index,https://www.mortgagenewsdaily.com/mortgage-rates/mnd,The MND Rate Index is the best way to follow day-to-day movement in mortgage rates. Our index is driven by real-time changes in actual lender rate sheets.  ...,,,"Differentiate with real tests, realised returns and evidence."
daily interest rate mortgage,Organic,8,www.wellsfargo.com,Current mortgage rates,https://www.wellsfargo.com/mortgage/rates/,Interest rates are influenced by the financial markets and can change daily – or multiple times within the same day. Mortgage interest rates may vary ...,,,"Differentiate with real tests, realised returns and evidence."
daily interest rate mortgage,Organic,9,www2.optimalblue.com,OBMMI Mortgage Market Indices & Rate Tracking,https://www2.optimalblue.com/obmmi,"Deliver daily mortgage rates to your site visitors by creating a fully branded, personalized OBMMI widget that you can easily implement on your own website ... Read more",,,"Differentiate with real tests, realised returns and evidence."
daily interest rate mortgage,Organic,10,journal.firsttuesday.us,Trending mortgage rates,https://journal.firsttuesday.us/current-market-rates/3832/,"The rate on an average 30-year fixed rate mortgage (FRM) climbed to 7.03% in the week ending September 25, 2026, The average 15-year FRM erupted to 6.42%.",,,"Differentiate with real tests, realised returns and evidence."
daily interest rate mortgage,Organic,11,www.usbank.com,Today's 30-year fixed mortgage rates - Home loans /,https://www.usbank.com/home-loans/mortgage/mortgage-rates.html,"Mortgage rates can fluxuate daily. There are several factors that can influence interest rates, like inflation, the bond market and the overall housing market. Read more",,,"Differentiate with real tests, realised returns and evidence."
daily interest rate mortgage,Organic,13,www.nerdwallet.com,Mortgage Rate Tracker,https://www.nerdwallet.com/mortgages/learn/current-interest-rates,"May 28, 2026 — Mortgage rates chart: Track recent mortgage rate averages from a sample of major national lenders. Chart updates daily.",,,"Differentiate with real tests, realised returns and evidence."
daily interest rate mortgage,People Also Ask,,,,,,What is today's daily mortgage rate?,,"Differentiate with real tests, realised returns and evidence."
daily interest rate mortgage,People Also Ask,,,,,,What is daily interest on a mortgage?,,"Differentiate with real tests, realised returns and evidence."
daily interest rate mortgage,People Also Ask,,,,,,Can you get a 4% mortgage rate?,,"Differentiate with real tests, realised returns and evidence."
daily interest rate mortgage,People Also Ask,,,,,,Will mortgage rates go down to 5%?,,"Differentiate with real tests, realised returns and evidence."
exodus wallet,Organic,1,www.exodus.com,Exodus Wallet,https://www.exodus.com/,"Easily buy and sell crypto using your credit or debit card, bank account, Apple Pay, or Google Pay. Your crypto is delivered straight to your wallet.",,,"Differentiate with real tests, realised returns and evidence."
exodus wallet,Organic,3,apps.apple.com,Exodus: Crypto & Payments - App Store - Apple,https://apps.apple.com/us/app/exodus-crypto-payments/id1414384820,"Exodus is the only money app you need. Manage your Bitcoin and crypto, send payments worldwide instantly and spend with a free debit card.",,,"Differentiate with real tests, realised returns and evidence."
exodus wallet,Organic,5,play.google.com,Exodus: Crypto & Payments - Apps on Google Play,https://play.google.com/store/apps/details?id=exodusmovement.exodus&hl=en_US,"5 days ago — Exodus is the only money app you need. Manage your Bitcoin and crypto, send payments worldwide instantly and spend with a free debit card.",,,"Differentiate with real tests, realised returns and evidence."
exodus wallet,Organic,7,coinbureau.com,Is Exodus Wallet Still Good & Safe In 2026?,https://coinbureau.com/review/exodus-wallet,"Dec 12, 2025 — It's a self-custody wallet with a clean, beginner-friendly interface, broad multi-chain coverage, and handy extras",,,"Differentiate with real tests, realised returns and evidence."
exodus wallet,Organic,10,www.reddit.com,PSA: Never Use Exodus Wallet : r/CryptoCurrency,https://www.reddit.com/r/CryptoCurrency/comments/1he7mdn/psa_never_use_exodus_wallet/,"Exodus is just a frontend to the blockchain, your private and public key are stored in the wallet. Exodus does not have access to your private ...",,,"Differentiate with real tests, realised returns and evidence."
exodus wallet,Organic,11,play.google.com,Exodus: Crypto Bitcoin Wallet – Apps on ...,https://play.google.com/store/apps/details/Exodus_Crypto_Bitcoin_Wallet?id=exodusmovement.exodus&hl=en_AU,"One secure crypto wallet for all your blockchain assets. Buy, send, & manage from your Bitcoin wallet, including Ethereum, USDT, Polygon, Solana and more.  ...",,,"Differentiate with real tests, realised returns and evidence."
exodus wallet,Organic,12,www.reddit.com,r/ExodusWallet,https://www.reddit.com/r/ExodusWallet/,r/ExodusWallet: Welcome to r/ExodusWallet! This is the sub dedicated to the discussion of the Exodus cryptocurrency wallet. For official wallet…,,,"Differentiate with real tests, realised returns and evidence."
exodus wallet,Organic,13,www.trustpilot.com,Read Customer Service Reviews of exodus.com,https://www.trustpilot.com/review/exodus.com,"Rated 5 out of 5 stars. Verified. Considered as the best, beginner friendly noncustodial crypto wallet in the market right now. ... Exodus empowers people to ... Read more",,,"Differentiate with real tests, realised returns and evidence."
exodus wallet,Organic,14,hellocrypto.com,Exodus Wallet —2025 Beginner-friendly Review & ...,https://hellocrypto.com/article/exodus-review-best-crypto-wallet/,"Exodus is a non-custodial wallet, which means you and only you will have full control over your crypto assets. No third-party holds your funds, giving you peace ... Read more",,,"Differentiate with real tests, realised returns and evidence."
exodus wallet,Organic,15,www.techradar.com,Exodus cryptocurrency wallet review,https://www.techradar.com/reviews/exodus-cryptocurrency-wallet,"Jan 21, 2021 — Exodus is a multi-currency, cross-platform crypto wallet that is a strong option for anyone just getting into the crypto space. Pros. +. Over ... Read more",,,"Differentiate with real tests, realised returns and evidence."
exodus wallet,People Also Ask,,,,,,Is Exodus Wallet a safe wallet?,,"Differentiate with real tests, realised returns and evidence."
exodus wallet,People Also Ask,,,,,,Can the IRS see my Exodus wallet?,,"Differentiate with real tests, realised returns and evidence."
exodus wallet,People Also Ask,,,,,,Can I withdraw my money from Exodus Wallet?,,"Differentiate with real tests, realised returns and evidence."
exodus wallet,People Also Ask,,,,,,Is Exodus wallet allowed in the USA?,,"Differentiate with real tests, realised returns and evidence."
